,Paradigm,Gen,Num,Sent,Eval,Corr,Wrong,Dist,corr_word,corr_prob,wrong_word,wrong_prob,answer
0,S_NOUN_8_ADJ_c,F,S,la gemme que j' aime beaucoup n' est pas très verte . <eos>,10,verte,vert,8,verte,-8.377609,vert,-9.405378,1
1,S_NOUN_8_ADJ_c,F,S,la gemme que j' aime beaucoup n' est pas très bleue . <eos>,10,bleue,bleu,8,bleue,-9.920872,bleu,-10.57115,1
2,S_NOUN_8_ADJ_c,F,S,la gemme que j' aime beaucoup n' est pas très noire . <eos>,10,noire,noir,8,noire,-8.547934,noir,-9.543956,1
3,S_NOUN_8_ADJ_c,F,S,la gemme que j' aime beaucoup n' est pas très délicate . <eos>,10,délicate,délicat,8,délicate,-8.67516,délicat,-11.472507,1
4,S_NOUN_8_ADJ_c,F,S,la gemme que j' aime beaucoup n' est pas très pointue . <eos>,10,pointue,pointu,8,pointue,-8.203012,pointu,-10.03918,1
5,S_NOUN_8_ADJ_c,F,S,la gemme que j' aime beaucoup n' est pas très ronde . <eos>,10,ronde,rond,8,ronde,-8.813526,rond,-9.703533,1
6,S_NOUN_8_ADJ_c,F,S,la gemme que j' aime beaucoup n' est pas très froide . <eos>,10,froide,froid,8,froide,-7.146307,froid,-9.037281,1
7,S_NOUN_8_ADJ_c,F,S,la gemme que j' aime beaucoup n' est pas très chaude . <eos>,10,chaude,chaud,8,chaude,-7.217193,chaud,-9.023043,1
8,S_NOUN_8_ADJ_c,F,S,la gemme que j' aime beaucoup n' est pas très importante . <eos>,10,importante,important,8,importante,-4.9289722,important,-7.9089127,1
9,S_NOUN_8_ADJ_c,F,S,la gemme que j' aime beaucoup n' est pas très courte . <eos>,10,courte,court,8,courte,-5.3851986,court,-8.253072,1
10,S_NOUN_8_ADJ_c,F,S,la gemme que j' aime beaucoup n' est pas très dure . <eos>,10,dure,dur,8,dure,-7.283819,dur,-7.493614,1
11,S_NOUN_8_ADJ_c,F,S,la gemme que j' aime beaucoup n' est pas très claire . <eos>,10,claire,clair,8,claire,-3.4246795,clair,-7.076145,1
12,S_NOUN_8_ADJ_c,F,S,la gemme que j' aime beaucoup n' est pas très intéressante . <eos>,10,intéressante,intéressant,8,intéressante,-4.9563127,intéressant,-9.319744,1
13,S_NOUN_8_ADJ_c,F,S,la gemme que j' aime beaucoup n' est pas très brillante . <eos>,10,brillante,brillant,8,brillante,-4.983903,brillant,-7.4406643,1
14,S_NOUN_8_ADJ_c,F,S,la gemme que j' aime beaucoup n' est pas très compliquée . <eos>,10,compliquée,compliqué,8,compliquée,-7.6752987,compliqué,-9.733763,1
15,S_NOUN_8_ADJ_c,F,S,la chaise que j' aime beaucoup n' est pas très verte . <eos>,10,verte,vert,8,verte,-9.781173,vert,-10.794897,1
16,S_NOUN_8_ADJ_c,F,S,la chaise que j' aime beaucoup n' est pas très bleue . <eos>,10,bleue,bleu,8,bleue,-10.580536,bleu,-11.161055,1
17,S_NOUN_8_ADJ_c,F,S,la chaise que j' aime beaucoup n' est pas très noire . <eos>,10,noire,noir,8,noire,-9.180875,noir,-10.68165,1
18,S_NOUN_8_ADJ_c,F,S,la chaise que j' aime beaucoup n' est pas très délicate . <eos>,10,délicate,délicat,8,délicate,-8.449276,délicat,-11.432065,1
19,S_NOUN_8_ADJ_c,F,S,la chaise que j' aime beaucoup n' est pas très pointue . <eos>,10,pointue,pointu,8,pointue,-9.314618,pointu,-9.7492895,1
20,S_NOUN_8_ADJ_c,F,S,la chaise que j' aime beaucoup n' est pas très ronde . <eos>,10,ronde,rond,8,ronde,-9.109865,rond,-9.438931,1
21,S_NOUN_8_ADJ_c,F,S,la chaise que j' aime beaucoup n' est pas très froide . <eos>,10,froide,froid,8,froide,-8.742275,froid,-10.286657,1
22,S_NOUN_8_ADJ_c,F,S,la chaise que j' aime beaucoup n' est pas très chaude . <eos>,10,chaude,chaud,8,chaude,-8.637509,chaud,-10.155587,1
23,S_NOUN_8_ADJ_c,F,S,la chaise que j' aime beaucoup n' est pas très importante . <eos>,10,importante,important,8,importante,-5.122417,important,-7.8871837,1
24,S_NOUN_8_ADJ_c,F,S,la chaise que j' aime beaucoup n' est pas très courte . <eos>,10,courte,court,8,courte,-4.8822403,court,-7.5628414,1
25,S_NOUN_8_ADJ_c,F,S,la chaise que j' aime beaucoup n' est pas très dure . <eos>,10,dure,dur,8,dure,-7.522323,dur,-8.380543,1
26,S_NOUN_8_ADJ_c,F,S,la chaise que j' aime beaucoup n' est pas très claire . <eos>,10,claire,clair,8,claire,-4.2803516,clair,-7.8602858,1
27,S_NOUN_8_ADJ_c,F,S,la chaise que j' aime beaucoup n' est pas très intéressante . <eos>,10,intéressante,intéressant,8,intéressante,-4.4088163,intéressant,-9.124562,1
28,S_NOUN_8_ADJ_c,F,S,la chaise que j' aime beaucoup n' est pas très brillante . <eos>,10,brillante,brillant,8,brillante,-5.910408,brillant,-8.185534,1
29,S_NOUN_8_ADJ_c,F,S,la chaise que j' aime beaucoup n' est pas très compliquée . <eos>,10,compliquée,compliqué,8,compliquée,-6.4601274,compliqué,-8.738676,1
30,S_NOUN_8_ADJ_c,F,S,la poubelle que j' aime beaucoup n' est pas très verte . <eos>,10,verte,vert,8,verte,-9.182949,vert,-10.295633,1
31,S_NOUN_8_ADJ_c,F,S,la poubelle que j' aime beaucoup n' est pas très bleue . <eos>,10,bleue,bleu,8,bleue,-10.989807,bleu,-10.713974,0
32,S_NOUN_8_ADJ_c,F,S,la poubelle que j' aime beaucoup n' est pas très noire . <eos>,10,noire,noir,8,noire,-9.175999,noir,-9.838306,1
33,S_NOUN_8_ADJ_c,F,S,la poubelle que j' aime beaucoup n' est pas très délicate . <eos>,10,délicate,délicat,8,délicate,-8.704601,délicat,-11.779054,1
34,S_NOUN_8_ADJ_c,F,S,la poubelle que j' aime beaucoup n' est pas très pointue . <eos>,10,pointue,pointu,8,pointue,-10.253838,pointu,-11.133793,1
35,S_NOUN_8_ADJ_c,F,S,la poubelle que j' aime beaucoup n' est pas très ronde . <eos>,10,ronde,rond,8,ronde,-10.705772,rond,-10.785955,1
36,S_NOUN_8_ADJ_c,F,S,la poubelle que j' aime beaucoup n' est pas très froide . <eos>,10,froide,froid,8,froide,-7.5447073,froid,-9.043703,1
37,S_NOUN_8_ADJ_c,F,S,la poubelle que j' aime beaucoup n' est pas très chaude . <eos>,10,chaude,chaud,8,chaude,-7.3755283,chaud,-8.668101,1
38,S_NOUN_8_ADJ_c,F,S,la poubelle que j' aime beaucoup n' est pas très importante . <eos>,10,importante,important,8,importante,-5.4603195,important,-8.236767,1
39,S_NOUN_8_ADJ_c,F,S,la poubelle que j' aime beaucoup n' est pas très courte . <eos>,10,courte,court,8,courte,-6.6867356,court,-9.104428,1
40,S_NOUN_8_ADJ_c,F,S,la poubelle que j' aime beaucoup n' est pas très dure . <eos>,10,dure,dur,8,dure,-6.315322,dur,-7.3953505,1
41,S_NOUN_8_ADJ_c,F,S,la poubelle que j' aime beaucoup n' est pas très claire . <eos>,10,claire,clair,8,claire,-4.4680386,clair,-7.6451426,1
42,S_NOUN_8_ADJ_c,F,S,la poubelle que j' aime beaucoup n' est pas très intéressante . <eos>,10,intéressante,intéressant,8,intéressante,-4.441053,intéressant,-8.729345,1
43,S_NOUN_8_ADJ_c,F,S,la poubelle que j' aime beaucoup n' est pas très brillante . <eos>,10,brillante,brillant,8,brillante,-5.261654,brillant,-7.670512,1
44,S_NOUN_8_ADJ_c,F,S,la poubelle que j' aime beaucoup n' est pas très compliquée . <eos>,10,compliquée,compliqué,8,compliquée,-7.496951,compliqué,-9.228099,1
45,S_NOUN_8_ADJ_c,F,S,la chemise que j' aime beaucoup n' est pas très verte . <eos>,10,verte,vert,8,verte,-8.930799,vert,-9.686131,1
46,S_NOUN_8_ADJ_c,F,S,la chemise que j' aime beaucoup n' est pas très bleue . <eos>,10,bleue,bleu,8,bleue,-9.586186,bleu,-9.7635975,1
47,S_NOUN_8_ADJ_c,F,S,la chemise que j' aime beaucoup n' est pas très noire . <eos>,10,noire,noir,8,noire,-7.6436763,noir,-9.375507,1
48,S_NOUN_8_ADJ_c,F,S,la chemise que j' aime beaucoup n' est pas très délicate . <eos>,10,délicate,délicat,8,délicate,-8.639755,délicat,-11.718185,1
49,S_NOUN_8_ADJ_c,F,S,la chemise que j' aime beaucoup n' est pas très pointue . <eos>,10,pointue,pointu,8,pointue,-8.317337,pointu,-9.351926,1
50,S_NOUN_8_ADJ_c,F,S,la chemise que j' aime beaucoup n' est pas très ronde . <eos>,10,ronde,rond,8,ronde,-8.814105,rond,-9.5305195,1
51,S_NOUN_8_ADJ_c,F,S,la chemise que j' aime beaucoup n' est pas très froide . <eos>,10,froide,froid,8,froide,-8.710675,froid,-10.651279,1
52,S_NOUN_8_ADJ_c,F,S,la chemise que j' aime beaucoup n' est pas très chaude . <eos>,10,chaude,chaud,8,chaude,-8.350953,chaud,-9.926965,1
53,S_NOUN_8_ADJ_c,F,S,la chemise que j' aime beaucoup n' est pas très importante . <eos>,10,importante,important,8,importante,-5.5332117,important,-8.958464,1
54,S_NOUN_8_ADJ_c,F,S,la chemise que j' aime beaucoup n' est pas très courte . <eos>,10,courte,court,8,courte,-4.5316586,court,-7.6941104,1
55,S_NOUN_8_ADJ_c,F,S,la chemise que j' aime beaucoup n' est pas très dure . <eos>,10,dure,dur,8,dure,-6.8905873,dur,-7.8691,1
56,S_NOUN_8_ADJ_c,F,S,la chemise que j' aime beaucoup n' est pas très claire . <eos>,10,claire,clair,8,claire,-3.1424377,clair,-7.1318283,1
57,S_NOUN_8_ADJ_c,F,S,la chemise que j' aime beaucoup n' est pas très intéressante . <eos>,10,intéressante,intéressant,8,intéressante,-5.805457,intéressant,-10.26487,1
58,S_NOUN_8_ADJ_c,F,S,la chemise que j' aime beaucoup n' est pas très brillante . <eos>,10,brillante,brillant,8,brillante,-4.1104736,brillant,-6.929784,1
59,S_NOUN_8_ADJ_c,F,S,la chemise que j' aime beaucoup n' est pas très compliquée . <eos>,10,compliquée,compliqué,8,compliquée,-7.1023655,compliqué,-9.44392,1
60,S_NOUN_8_ADJ_c,F,S,la recette que j' aime beaucoup n' est pas très verte . <eos>,10,verte,vert,8,verte,-10.712694,vert,-11.468775,1
61,S_NOUN_8_ADJ_c,F,S,la recette que j' aime beaucoup n' est pas très bleue . <eos>,10,bleue,bleu,8,bleue,-11.649868,bleu,-12.155646,1
62,S_NOUN_8_ADJ_c,F,S,la recette que j' aime beaucoup n' est pas très noire . <eos>,10,noire,noir,8,noire,-9.839851,noir,-10.819912,1
63,S_NOUN_8_ADJ_c,F,S,la recette que j' aime beaucoup n' est pas très délicate . <eos>,10,délicate,délicat,8,délicate,-7.9981265,délicat,-11.640661,1
64,S_NOUN_8_ADJ_c,F,S,la recette que j' aime beaucoup n' est pas très pointue . <eos>,10,pointue,pointu,8,pointue,-10.210154,pointu,-10.607016,1
65,S_NOUN_8_ADJ_c,F,S,la recette que j' aime beaucoup n' est pas très ronde . <eos>,10,ronde,rond,8,ronde,-10.819572,rond,-10.914783,1
66,S_NOUN_8_ADJ_c,F,S,la recette que j' aime beaucoup n' est pas très froide . <eos>,10,froide,froid,8,froide,-9.543704,froid,-10.403158,1
67,S_NOUN_8_ADJ_c,F,S,la recette que j' aime beaucoup n' est pas très chaude . <eos>,10,chaude,chaud,8,chaude,-8.796014,chaud,-10.323871,1
68,S_NOUN_8_ADJ_c,F,S,la recette que j' aime beaucoup n' est pas très importante . <eos>,10,importante,important,8,importante,-4.961022,important,-7.6985297,1
69,S_NOUN_8_ADJ_c,F,S,la recette que j' aime beaucoup n' est pas très courte . <eos>,10,courte,court,8,courte,-5.772051,court,-8.49927,1
70,S_NOUN_8_ADJ_c,F,S,la recette que j' aime beaucoup n' est pas très dure . <eos>,10,dure,dur,8,dure,-7.143956,dur,-8.589243,1
71,S_NOUN_8_ADJ_c,F,S,la recette que j' aime beaucoup n' est pas très claire . <eos>,10,claire,clair,8,claire,-4.3800974,clair,-7.4324493,1
72,S_NOUN_8_ADJ_c,F,S,la recette que j' aime beaucoup n' est pas très intéressante . <eos>,10,intéressante,intéressant,8,intéressante,-4.2617054,intéressant,-8.9042635,1
73,S_NOUN_8_ADJ_c,F,S,la recette que j' aime beaucoup n' est pas très brillante . <eos>,10,brillante,brillant,8,brillante,-5.615078,brillant,-8.026766,1
74,S_NOUN_8_ADJ_c,F,S,la recette que j' aime beaucoup n' est pas très compliquée . <eos>,10,compliquée,compliqué,8,compliquée,-6.8969193,compliqué,-8.7697525,1
75,S_NOUN_8_ADJ_c,F,S,la jupe que j' aime beaucoup n' est pas très verte . <eos>,10,verte,vert,8,verte,-8.918377,vert,-10.374857,1
76,S_NOUN_8_ADJ_c,F,S,la jupe que j' aime beaucoup n' est pas très bleue . <eos>,10,bleue,bleu,8,bleue,-9.676876,bleu,-10.354187,1
77,S_NOUN_8_ADJ_c,F,S,la jupe que j' aime beaucoup n' est pas très noire . <eos>,10,noire,noir,8,noire,-8.060513,noir,-9.5884,1
78,S_NOUN_8_ADJ_c,F,S,la jupe que j' aime beaucoup n' est pas très délicate . <eos>,10,délicate,délicat,8,délicate,-8.145127,délicat,-10.9075365,1
79,S_NOUN_8_ADJ_c,F,S,la jupe que j' aime beaucoup n' est pas très pointue . <eos>,10,pointue,pointu,8,pointue,-8.049561,pointu,-8.70635,1
80,S_NOUN_8_ADJ_c,F,S,la jupe que j' aime beaucoup n' est pas très ronde . <eos>,10,ronde,rond,8,ronde,-8.552122,rond,-8.964169,1
81,S_NOUN_8_ADJ_c,F,S,la jupe que j' aime beaucoup n' est pas très froide . <eos>,10,froide,froid,8,froide,-8.33219,froid,-10.206697,1
82,S_NOUN_8_ADJ_c,F,S,la jupe que j' aime beaucoup n' est pas très chaude . <eos>,10,chaude,chaud,8,chaude,-8.167643,chaud,-9.583667,1
83,S_NOUN_8_ADJ_c,F,S,la jupe que j' aime beaucoup n' est pas très importante . <eos>,10,importante,important,8,importante,-5.2525034,important,-8.670946,1
84,S_NOUN_8_ADJ_c,F,S,la jupe que j' aime beaucoup n' est pas très courte . <eos>,10,courte,court,8,courte,-4.414315,court,-6.950368,1
85,S_NOUN_8_ADJ_c,F,S,la jupe que j' aime beaucoup n' est pas très dure . <eos>,10,dure,dur,8,dure,-7.0789094,dur,-8.214849,1
86,S_NOUN_8_ADJ_c,F,S,la jupe que j' aime beaucoup n' est pas très claire . <eos>,10,claire,clair,8,claire,-2.742231,clair,-7.1081386,1
87,S_NOUN_8_ADJ_c,F,S,la jupe que j' aime beaucoup n' est pas très intéressante . <eos>,10,intéressante,intéressant,8,intéressante,-5.957823,intéressant,-10.143552,1
88,S_NOUN_8_ADJ_c,F,S,la jupe que j' aime beaucoup n' est pas très brillante . <eos>,10,brillante,brillant,8,brillante,-4.4130173,brillant,-7.424815,1
89,S_NOUN_8_ADJ_c,F,S,la jupe que j' aime beaucoup n' est pas très compliquée . <eos>,10,compliquée,compliqué,8,compliquée,-7.3327065,compliqué,-9.135943,1
90,S_NOUN_8_ADJ_c,F,S,la colle que j' aime beaucoup n' est pas très verte . <eos>,10,verte,vert,8,verte,-9.607987,vert,-10.4553,1
91,S_NOUN_8_ADJ_c,F,S,la colle que j' aime beaucoup n' est pas très bleue . <eos>,10,bleue,bleu,8,bleue,-11.320299,bleu,-11.388513,1
92,S_NOUN_8_ADJ_c,F,S,la colle que j' aime beaucoup n' est pas très noire . <eos>,10,noire,noir,8,noire,-9.512768,noir,-10.226163,1
93,S_NOUN_8_ADJ_c,F,S,la colle que j' aime beaucoup n' est pas très délicate . <eos>,10,délicate,délicat,8,délicate,-7.9443846,délicat,-11.046964,1
94,S_NOUN_8_ADJ_c,F,S,la colle que j' aime beaucoup n' est pas très pointue . <eos>,10,pointue,pointu,8,pointue,-9.26776,pointu,-10.668521,1
95,S_NOUN_8_ADJ_c,F,S,la colle que j' aime beaucoup n' est pas très ronde . <eos>,10,ronde,rond,8,ronde,-10.431199,rond,-10.586823,1
96,S_NOUN_8_ADJ_c,F,S,la colle que j' aime beaucoup n' est pas très froide . <eos>,10,froide,froid,8,froide,-8.935428,froid,-10.059803,1
97,S_NOUN_8_ADJ_c,F,S,la colle que j' aime beaucoup n' est pas très chaude . <eos>,10,chaude,chaud,8,chaude,-8.718742,chaud,-9.668338,1
98,S_NOUN_8_ADJ_c,F,S,la colle que j' aime beaucoup n' est pas très importante . <eos>,10,importante,important,8,importante,-5.1705866,important,-7.84853,1
99,S_NOUN_8_ADJ_c,F,S,la colle que j' aime beaucoup n' est pas très courte . <eos>,10,courte,court,8,courte,-5.895606,court,-9.024339,1
100,S_NOUN_8_ADJ_c,F,S,la colle que j' aime beaucoup n' est pas très dure . <eos>,10,dure,dur,8,dure,-6.8311853,dur,-7.647746,1
101,S_NOUN_8_ADJ_c,F,S,la colle que j' aime beaucoup n' est pas très claire . <eos>,10,claire,clair,8,claire,-3.9460325,clair,-7.6667347,1
102,S_NOUN_8_ADJ_c,F,S,la colle que j' aime beaucoup n' est pas très intéressante . <eos>,10,intéressante,intéressant,8,intéressante,-4.584336,intéressant,-9.061962,1
103,S_NOUN_8_ADJ_c,F,S,la colle que j' aime beaucoup n' est pas très brillante . <eos>,10,brillante,brillant,8,brillante,-5.691553,brillant,-7.292411,1
104,S_NOUN_8_ADJ_c,F,S,la colle que j' aime beaucoup n' est pas très compliquée . <eos>,10,compliquée,compliqué,8,compliquée,-6.5190973,compliqué,-8.61135,1
105,S_NOUN_8_ADJ_c,F,S,la lampe que j' aime beaucoup n' est pas très verte . <eos>,10,verte,vert,8,verte,-9.2637615,vert,-9.871452,1
106,S_NOUN_8_ADJ_c,F,S,la lampe que j' aime beaucoup n' est pas très bleue . <eos>,10,bleue,bleu,8,bleue,-10.056446,bleu,-10.144802,1
107,S_NOUN_8_ADJ_c,F,S,la lampe que j' aime beaucoup n' est pas très noire . <eos>,10,noire,noir,8,noire,-9.082276,noir,-9.66649,1
108,S_NOUN_8_ADJ_c,F,S,la lampe que j' aime beaucoup n' est pas très délicate . <eos>,10,délicate,délicat,8,délicate,-8.230648,délicat,-11.000406,1
109,S_NOUN_8_ADJ_c,F,S,la lampe que j' aime beaucoup n' est pas très pointue . <eos>,10,pointue,pointu,8,pointue,-9.8405695,pointu,-11.013306,1
110,S_NOUN_8_ADJ_c,F,S,la lampe que j' aime beaucoup n' est pas très ronde . <eos>,10,ronde,rond,8,ronde,-10.393869,rond,-10.514793,1
111,S_NOUN_8_ADJ_c,F,S,la lampe que j' aime beaucoup n' est pas très froide . <eos>,10,froide,froid,8,froide,-7.51543,froid,-9.533789,1
112,S_NOUN_8_ADJ_c,F,S,la lampe que j' aime beaucoup n' est pas très chaude . <eos>,10,chaude,chaud,8,chaude,-7.116083,chaud,-9.3649025,1
113,S_NOUN_8_ADJ_c,F,S,la lampe que j' aime beaucoup n' est pas très importante . <eos>,10,importante,important,8,importante,-5.010035,important,-8.088144,1
114,S_NOUN_8_ADJ_c,F,S,la lampe que j' aime beaucoup n' est pas très courte . <eos>,10,courte,court,8,courte,-5.284749,court,-8.694341,1
115,S_NOUN_8_ADJ_c,F,S,la lampe que j' aime beaucoup n' est pas très dure . <eos>,10,dure,dur,8,dure,-7.279711,dur,-8.645661,1
116,S_NOUN_8_ADJ_c,F,S,la lampe que j' aime beaucoup n' est pas très claire . <eos>,10,claire,clair,8,claire,-4.0586557,clair,-7.2330456,1
117,S_NOUN_8_ADJ_c,F,S,la lampe que j' aime beaucoup n' est pas très intéressante . <eos>,10,intéressante,intéressant,8,intéressante,-4.223665,intéressant,-8.892732,1
118,S_NOUN_8_ADJ_c,F,S,la lampe que j' aime beaucoup n' est pas très brillante . <eos>,10,brillante,brillant,8,brillante,-3.9721732,brillant,-7.5915112,1
119,S_NOUN_8_ADJ_c,F,S,la lampe que j' aime beaucoup n' est pas très compliquée . <eos>,10,compliquée,compliqué,8,compliquée,-7.0575237,compliqué,-9.314756,1
120,S_NOUN_8_ADJ_c,F,S,la bouteille que j' aime beaucoup n' est pas très verte . <eos>,10,verte,vert,8,verte,-9.988509,vert,-10.893581,1
121,S_NOUN_8_ADJ_c,F,S,la bouteille que j' aime beaucoup n' est pas très bleue . <eos>,10,bleue,bleu,8,bleue,-11.592839,bleu,-11.064936,0
122,S_NOUN_8_ADJ_c,F,S,la bouteille que j' aime beaucoup n' est pas très noire . <eos>,10,noire,noir,8,noire,-9.60504,noir,-10.158898,1
123,S_NOUN_8_ADJ_c,F,S,la bouteille que j' aime beaucoup n' est pas très délicate . <eos>,10,délicate,délicat,8,délicate,-7.8875303,délicat,-10.715661,1
124,S_NOUN_8_ADJ_c,F,S,la bouteille que j' aime beaucoup n' est pas très pointue . <eos>,10,pointue,pointu,8,pointue,-9.129387,pointu,-9.849045,1
125,S_NOUN_8_ADJ_c,F,S,la bouteille que j' aime beaucoup n' est pas très ronde . <eos>,10,ronde,rond,8,ronde,-9.67067,rond,-8.876909,0
126,S_NOUN_8_ADJ_c,F,S,la bouteille que j' aime beaucoup n' est pas très froide . <eos>,10,froide,froid,8,froide,-7.517118,froid,-9.239412,1
127,S_NOUN_8_ADJ_c,F,S,la bouteille que j' aime beaucoup n' est pas très chaude . <eos>,10,chaude,chaud,8,chaude,-7.4086156,chaud,-8.79728,1
128,S_NOUN_8_ADJ_c,F,S,la bouteille que j' aime beaucoup n' est pas très importante . <eos>,10,importante,important,8,importante,-5.6076565,important,-8.0109005,1
129,S_NOUN_8_ADJ_c,F,S,la bouteille que j' aime beaucoup n' est pas très courte . <eos>,10,courte,court,8,courte,-5.269473,court,-7.6357555,1
130,S_NOUN_8_ADJ_c,F,S,la bouteille que j' aime beaucoup n' est pas très dure . <eos>,10,dure,dur,8,dure,-5.921698,dur,-6.953076,1
131,S_NOUN_8_ADJ_c,F,S,la bouteille que j' aime beaucoup n' est pas très claire . <eos>,10,claire,clair,8,claire,-4.278677,clair,-7.4213037,1
132,S_NOUN_8_ADJ_c,F,S,la bouteille que j' aime beaucoup n' est pas très intéressante . <eos>,10,intéressante,intéressant,8,intéressante,-4.816986,intéressant,-9.231569,1
133,S_NOUN_8_ADJ_c,F,S,la bouteille que j' aime beaucoup n' est pas très brillante . <eos>,10,brillante,brillant,8,brillante,-5.47608,brillant,-7.5669346,1
134,S_NOUN_8_ADJ_c,F,S,la bouteille que j' aime beaucoup n' est pas très compliquée . <eos>,10,compliquée,compliqué,8,compliquée,-6.900898,compliqué,-8.434751,1
135,S_NOUN_8_ADJ_c,F,S,la boisson que j' aime beaucoup n' est pas très verte . <eos>,10,verte,vert,8,verte,-9.422098,vert,-10.719627,1
136,S_NOUN_8_ADJ_c,F,S,la boisson que j' aime beaucoup n' est pas très bleue . <eos>,10,bleue,bleu,8,bleue,-11.064228,bleu,-11.23572,1
137,S_NOUN_8_ADJ_c,F,S,la boisson que j' aime beaucoup n' est pas très noire . <eos>,10,noire,noir,8,noire,-9.125921,noir,-10.333034,1
138,S_NOUN_8_ADJ_c,F,S,la boisson que j' aime beaucoup n' est pas très délicate . <eos>,10,délicate,délicat,8,délicate,-8.432924,délicat,-11.576763,1
139,S_NOUN_8_ADJ_c,F,S,la boisson que j' aime beaucoup n' est pas très pointue . <eos>,10,pointue,pointu,8,pointue,-10.020973,pointu,-10.756242,1
140,S_NOUN_8_ADJ_c,F,S,la boisson que j' aime beaucoup n' est pas très ronde . <eos>,10,ronde,rond,8,ronde,-10.950027,rond,-11.063117,1
141,S_NOUN_8_ADJ_c,F,S,la boisson que j' aime beaucoup n' est pas très froide . <eos>,10,froide,froid,8,froide,-8.380854,froid,-10.039506,1
142,S_NOUN_8_ADJ_c,F,S,la boisson que j' aime beaucoup n' est pas très chaude . <eos>,10,chaude,chaud,8,chaude,-7.438987,chaud,-9.48391,1
143,S_NOUN_8_ADJ_c,F,S,la boisson que j' aime beaucoup n' est pas très importante . <eos>,10,importante,important,8,importante,-5.223486,important,-8.12765,1
144,S_NOUN_8_ADJ_c,F,S,la boisson que j' aime beaucoup n' est pas très courte . <eos>,10,courte,court,8,courte,-6.272091,court,-8.740194,1
145,S_NOUN_8_ADJ_c,F,S,la boisson que j' aime beaucoup n' est pas très dure . <eos>,10,dure,dur,8,dure,-7.2193413,dur,-7.9549456,1
146,S_NOUN_8_ADJ_c,F,S,la boisson que j' aime beaucoup n' est pas très claire . <eos>,10,claire,clair,8,claire,-3.5400665,clair,-7.097457,1
147,S_NOUN_8_ADJ_c,F,S,la boisson que j' aime beaucoup n' est pas très intéressante . <eos>,10,intéressante,intéressant,8,intéressante,-4.7991595,intéressant,-9.392107,1
148,S_NOUN_8_ADJ_c,F,S,la boisson que j' aime beaucoup n' est pas très brillante . <eos>,10,brillante,brillant,8,brillante,-5.174472,brillant,-7.4710455,1
149,S_NOUN_8_ADJ_c,F,S,la boisson que j' aime beaucoup n' est pas très compliquée . <eos>,10,compliquée,compliqué,8,compliquée,-7.8393354,compliqué,-9.465359,1
150,S_NOUN_8_ADJ_c,F,S,la pomme que j' aime beaucoup n' est pas très verte . <eos>,10,verte,vert,8,verte,-9.245522,vert,-10.257999,1
151,S_NOUN_8_ADJ_c,F,S,la pomme que j' aime beaucoup n' est pas très bleue . <eos>,10,bleue,bleu,8,bleue,-10.279139,bleu,-10.563636,1
152,S_NOUN_8_ADJ_c,F,S,la pomme que j' aime beaucoup n' est pas très noire . <eos>,10,noire,noir,8,noire,-8.849904,noir,-9.999028,1
153,S_NOUN_8_ADJ_c,F,S,la pomme que j' aime beaucoup n' est pas très délicate . <eos>,10,délicate,délicat,8,délicate,-8.894976,délicat,-11.078411,1
154,S_NOUN_8_ADJ_c,F,S,la pomme que j' aime beaucoup n' est pas très pointue . <eos>,10,pointue,pointu,8,pointue,-9.19002,pointu,-10.207351,1
155,S_NOUN_8_ADJ_c,F,S,la pomme que j' aime beaucoup n' est pas très ronde . <eos>,10,ronde,rond,8,ronde,-9.804128,rond,-9.901247,1
156,S_NOUN_8_ADJ_c,F,S,la pomme que j' aime beaucoup n' est pas très froide . <eos>,10,froide,froid,8,froide,-7.5298233,froid,-9.227104,1
157,S_NOUN_8_ADJ_c,F,S,la pomme que j' aime beaucoup n' est pas très chaude . <eos>,10,chaude,chaud,8,chaude,-7.374782,chaud,-9.043173,1
158,S_NOUN_8_ADJ_c,F,S,la pomme que j' aime beaucoup n' est pas très importante . <eos>,10,importante,important,8,importante,-5.7022266,important,-8.289168,1
159,S_NOUN_8_ADJ_c,F,S,la pomme que j' aime beaucoup n' est pas très courte . <eos>,10,courte,court,8,courte,-5.8292923,court,-8.304984,1
160,S_NOUN_8_ADJ_c,F,S,la pomme que j' aime beaucoup n' est pas très dure . <eos>,10,dure,dur,8,dure,-6.3895507,dur,-7.103419,1
161,S_NOUN_8_ADJ_c,F,S,la pomme que j' aime beaucoup n' est pas très claire . <eos>,10,claire,clair,8,claire,-3.8302553,clair,-7.0805445,1
162,S_NOUN_8_ADJ_c,F,S,la pomme que j' aime beaucoup n' est pas très intéressante . <eos>,10,intéressante,intéressant,8,intéressante,-5.334671,intéressant,-9.8607645,1
163,S_NOUN_8_ADJ_c,F,S,la pomme que j' aime beaucoup n' est pas très brillante . <eos>,10,brillante,brillant,8,brillante,-5.0785007,brillant,-7.7510853,1
164,S_NOUN_8_ADJ_c,F,S,la pomme que j' aime beaucoup n' est pas très compliquée . <eos>,10,compliquée,compliqué,8,compliquée,-8.086803,compliqué,-9.327713,1
165,S_NOUN_8_ADJ_c,F,S,la tasse que j' aime beaucoup n' est pas très verte . <eos>,10,verte,vert,8,verte,-9.361131,vert,-10.385322,1
166,S_NOUN_8_ADJ_c,F,S,la tasse que j' aime beaucoup n' est pas très bleue . <eos>,10,bleue,bleu,8,bleue,-10.431292,bleu,-10.592054,1
167,S_NOUN_8_ADJ_c,F,S,la tasse que j' aime beaucoup n' est pas très noire . <eos>,10,noire,noir,8,noire,-8.912154,noir,-9.525876,1
168,S_NOUN_8_ADJ_c,F,S,la tasse que j' aime beaucoup n' est pas très délicate . <eos>,10,délicate,délicat,8,délicate,-8.871981,délicat,-11.317325,1
169,S_NOUN_8_ADJ_c,F,S,la tasse que j' aime beaucoup n' est pas très pointue . <eos>,10,pointue,pointu,8,pointue,-9.438865,pointu,-9.465078,1
170,S_NOUN_8_ADJ_c,F,S,la tasse que j' aime beaucoup n' est pas très ronde . <eos>,10,ronde,rond,8,ronde,-10.0628195,rond,-9.676662,0
171,S_NOUN_8_ADJ_c,F,S,la tasse que j' aime beaucoup n' est pas très froide . <eos>,10,froide,froid,8,froide,-7.8423214,froid,-9.242469,1
172,S_NOUN_8_ADJ_c,F,S,la tasse que j' aime beaucoup n' est pas très chaude . <eos>,10,chaude,chaud,8,chaude,-6.680064,chaud,-8.685348,1
173,S_NOUN_8_ADJ_c,F,S,la tasse que j' aime beaucoup n' est pas très importante . <eos>,10,importante,important,8,importante,-5.7768154,important,-8.405983,1
174,S_NOUN_8_ADJ_c,F,S,la tasse que j' aime beaucoup n' est pas très courte . <eos>,10,courte,court,8,courte,-6.0694537,court,-7.5063806,1
175,S_NOUN_8_ADJ_c,F,S,la tasse que j' aime beaucoup n' est pas très dure . <eos>,10,dure,dur,8,dure,-6.209676,dur,-6.822402,1
176,S_NOUN_8_ADJ_c,F,S,la tasse que j' aime beaucoup n' est pas très claire . <eos>,10,claire,clair,8,claire,-3.7966769,clair,-6.925658,1
177,S_NOUN_8_ADJ_c,F,S,la tasse que j' aime beaucoup n' est pas très intéressante . <eos>,10,intéressante,intéressant,8,intéressante,-5.4284153,intéressant,-9.932964,1
178,S_NOUN_8_ADJ_c,F,S,la tasse que j' aime beaucoup n' est pas très brillante . <eos>,10,brillante,brillant,8,brillante,-5.5050354,brillant,-7.854494,1
179,S_NOUN_8_ADJ_c,F,S,la tasse que j' aime beaucoup n' est pas très compliquée . <eos>,10,compliquée,compliqué,8,compliquée,-8.407902,compliqué,-9.223248,1
180,S_NOUN_8_ADJ_c,F,S,la bougie que j' aime beaucoup n' est pas très verte . <eos>,10,verte,vert,8,verte,-9.1956,vert,-10.060686,1
181,S_NOUN_8_ADJ_c,F,S,la bougie que j' aime beaucoup n' est pas très bleue . <eos>,10,bleue,bleu,8,bleue,-10.282625,bleu,-10.004762,0
182,S_NOUN_8_ADJ_c,F,S,la bougie que j' aime beaucoup n' est pas très noire . <eos>,10,noire,noir,8,noire,-8.309765,noir,-8.916027,1
183,S_NOUN_8_ADJ_c,F,S,la bougie que j' aime beaucoup n' est pas très délicate . <eos>,10,délicate,délicat,8,délicate,-8.178754,délicat,-11.205321,1
184,S_NOUN_8_ADJ_c,F,S,la bougie que j' aime beaucoup n' est pas très pointue . <eos>,10,pointue,pointu,8,pointue,-9.703914,pointu,-10.379755,1
185,S_NOUN_8_ADJ_c,F,S,la bougie que j' aime beaucoup n' est pas très ronde . <eos>,10,ronde,rond,8,ronde,-10.0081005,rond,-10.299957,1
186,S_NOUN_8_ADJ_c,F,S,la bougie que j' aime beaucoup n' est pas très froide . <eos>,10,froide,froid,8,froide,-6.629918,froid,-8.220957,1
187,S_NOUN_8_ADJ_c,F,S,la bougie que j' aime beaucoup n' est pas très chaude . <eos>,10,chaude,chaud,8,chaude,-6.779994,chaud,-8.037279,1
188,S_NOUN_8_ADJ_c,F,S,la bougie que j' aime beaucoup n' est pas très importante . <eos>,10,importante,important,8,importante,-4.9206467,important,-7.862509,1
189,S_NOUN_8_ADJ_c,F,S,la bougie que j' aime beaucoup n' est pas très courte . <eos>,10,courte,court,8,courte,-5.253339,court,-7.9423084,1
190,S_NOUN_8_ADJ_c,F,S,la bougie que j' aime beaucoup n' est pas très dure . <eos>,10,dure,dur,8,dure,-6.205881,dur,-7.7300863,1
191,S_NOUN_8_ADJ_c,F,S,la bougie que j' aime beaucoup n' est pas très claire . <eos>,10,claire,clair,8,claire,-4.247554,clair,-6.895651,1
192,S_NOUN_8_ADJ_c,F,S,la bougie que j' aime beaucoup n' est pas très intéressante . <eos>,10,intéressante,intéressant,8,intéressante,-4.8060994,intéressant,-8.915747,1
193,S_NOUN_8_ADJ_c,F,S,la bougie que j' aime beaucoup n' est pas très brillante . <eos>,10,brillante,brillant,8,brillante,-4.414727,brillant,-7.2319717,1
194,S_NOUN_8_ADJ_c,F,S,la bougie que j' aime beaucoup n' est pas très compliquée . <eos>,10,compliquée,compliqué,8,compliquée,-7.1561546,compliqué,-8.721123,1
195,S_NOUN_8_ADJ_c,F,S,la pochette que j' aime beaucoup n' est pas très verte . <eos>,10,verte,vert,8,verte,-9.252153,vert,-10.940527,1
196,S_NOUN_8_ADJ_c,F,S,la pochette que j' aime beaucoup n' est pas très bleue . <eos>,10,bleue,bleu,8,bleue,-10.44094,bleu,-10.571356,1
197,S_NOUN_8_ADJ_c,F,S,la pochette que j' aime beaucoup n' est pas très noire . <eos>,10,noire,noir,8,noire,-7.9427185,noir,-9.178797,1
198,S_NOUN_8_ADJ_c,F,S,la pochette que j' aime beaucoup n' est pas très délicate . <eos>,10,délicate,délicat,8,délicate,-8.304558,délicat,-12.671423,1
199,S_NOUN_8_ADJ_c,F,S,la pochette que j' aime beaucoup n' est pas très pointue . <eos>,10,pointue,pointu,8,pointue,-10.055986,pointu,-10.116967,1
200,S_NOUN_8_ADJ_c,F,S,la pochette que j' aime beaucoup n' est pas très ronde . <eos>,10,ronde,rond,8,ronde,-10.078985,rond,-10.302923,1
201,S_NOUN_8_ADJ_c,F,S,la pochette que j' aime beaucoup n' est pas très froide . <eos>,10,froide,froid,8,froide,-11.0118475,froid,-10.376802,0
202,S_NOUN_8_ADJ_c,F,S,la pochette que j' aime beaucoup n' est pas très chaude . <eos>,10,chaude,chaud,8,chaude,-8.920557,chaud,-10.878092,1
203,S_NOUN_8_ADJ_c,F,S,la pochette que j' aime beaucoup n' est pas très importante . <eos>,10,importante,important,8,importante,-5.2540755,important,-8.612755,1
204,S_NOUN_8_ADJ_c,F,S,la pochette que j' aime beaucoup n' est pas très courte . <eos>,10,courte,court,8,courte,-4.4137893,court,-8.423416,1
205,S_NOUN_8_ADJ_c,F,S,la pochette que j' aime beaucoup n' est pas très dure . <eos>,10,dure,dur,8,dure,-8.005114,dur,-9.642124,1
206,S_NOUN_8_ADJ_c,F,S,la pochette que j' aime beaucoup n' est pas très claire . <eos>,10,claire,clair,8,claire,-3.16627,clair,-6.07257,1
207,S_NOUN_8_ADJ_c,F,S,la pochette que j' aime beaucoup n' est pas très intéressante . <eos>,10,intéressante,intéressant,8,intéressante,-5.362006,intéressant,-9.226233,1
208,S_NOUN_8_ADJ_c,F,S,la pochette que j' aime beaucoup n' est pas très brillante . <eos>,10,brillante,brillant,8,brillante,-5.0988564,brillant,-7.4585786,1
209,S_NOUN_8_ADJ_c,F,S,la pochette que j' aime beaucoup n' est pas très compliquée . <eos>,10,compliquée,compliqué,8,compliquée,-6.9884305,compliqué,-9.242269,1
210,S_NOUN_8_ADJ_c,F,S,la banane que j' aime beaucoup n' est pas très verte . <eos>,10,verte,vert,8,verte,-8.894178,vert,-9.58902,1
211,S_NOUN_8_ADJ_c,F,S,la banane que j' aime beaucoup n' est pas très bleue . <eos>,10,bleue,bleu,8,bleue,-9.787032,bleu,-10.071534,1
212,S_NOUN_8_ADJ_c,F,S,la banane que j' aime beaucoup n' est pas très noire . <eos>,10,noire,noir,8,noire,-9.012016,noir,-9.519714,1
213,S_NOUN_8_ADJ_c,F,S,la banane que j' aime beaucoup n' est pas très délicate . <eos>,10,délicate,délicat,8,délicate,-9.387063,délicat,-10.364021,1
214,S_NOUN_8_ADJ_c,F,S,la banane que j' aime beaucoup n' est pas très pointue . <eos>,10,pointue,pointu,8,pointue,-8.535121,pointu,-8.796227,1
215,S_NOUN_8_ADJ_c,F,S,la banane que j' aime beaucoup n' est pas très ronde . <eos>,10,ronde,rond,8,ronde,-9.475487,rond,-9.190912,0
216,S_NOUN_8_ADJ_c,F,S,la banane que j' aime beaucoup n' est pas très froide . <eos>,10,froide,froid,8,froide,-6.9904013,froid,-9.36527,1
217,S_NOUN_8_ADJ_c,F,S,la banane que j' aime beaucoup n' est pas très chaude . <eos>,10,chaude,chaud,8,chaude,-7.049816,chaud,-8.389162,1
218,S_NOUN_8_ADJ_c,F,S,la banane que j' aime beaucoup n' est pas très importante . <eos>,10,importante,important,8,importante,-5.6067553,important,-7.530489,1
219,S_NOUN_8_ADJ_c,F,S,la banane que j' aime beaucoup n' est pas très courte . <eos>,10,courte,court,8,courte,-5.9236984,court,-7.664031,1
220,S_NOUN_8_ADJ_c,F,S,la banane que j' aime beaucoup n' est pas très dure . <eos>,10,dure,dur,8,dure,-6.6639724,dur,-6.655974,0
221,S_NOUN_8_ADJ_c,F,S,la banane que j' aime beaucoup n' est pas très claire . <eos>,10,claire,clair,8,claire,-3.8584027,clair,-6.922915,1
222,S_NOUN_8_ADJ_c,F,S,la banane que j' aime beaucoup n' est pas très intéressante . <eos>,10,intéressante,intéressant,8,intéressante,-5.830788,intéressant,-9.480022,1
223,S_NOUN_8_ADJ_c,F,S,la banane que j' aime beaucoup n' est pas très brillante . <eos>,10,brillante,brillant,8,brillante,-6.164951,brillant,-7.722695,1
224,S_NOUN_8_ADJ_c,F,S,la banane que j' aime beaucoup n' est pas très compliquée . <eos>,10,compliquée,compliqué,8,compliquée,-8.262113,compliqué,-8.9031315,1
225,S_NOUN_8_ADJ_c,F,S,la robe que j' aime beaucoup n' est pas très verte . <eos>,10,verte,vert,8,verte,-8.886147,vert,-10.166132,1
226,S_NOUN_8_ADJ_c,F,S,la robe que j' aime beaucoup n' est pas très bleue . <eos>,10,bleue,bleu,8,bleue,-9.490495,bleu,-9.971503,1
227,S_NOUN_8_ADJ_c,F,S,la robe que j' aime beaucoup n' est pas très noire . <eos>,10,noire,noir,8,noire,-8.217408,noir,-9.520627,1
228,S_NOUN_8_ADJ_c,F,S,la robe que j' aime beaucoup n' est pas très délicate . <eos>,10,délicate,délicat,8,délicate,-8.408489,délicat,-11.6322975,1
229,S_NOUN_8_ADJ_c,F,S,la robe que j' aime beaucoup n' est pas très pointue . <eos>,10,pointue,pointu,8,pointue,-9.262846,pointu,-10.112911,1
230,S_NOUN_8_ADJ_c,F,S,la robe que j' aime beaucoup n' est pas très ronde . <eos>,10,ronde,rond,8,ronde,-9.591693,rond,-10.234842,1
231,S_NOUN_8_ADJ_c,F,S,la robe que j' aime beaucoup n' est pas très froide . <eos>,10,froide,froid,8,froide,-9.214052,froid,-10.274759,1
232,S_NOUN_8_ADJ_c,F,S,la robe que j' aime beaucoup n' est pas très chaude . <eos>,10,chaude,chaud,8,chaude,-8.445985,chaud,-9.622457,1
233,S_NOUN_8_ADJ_c,F,S,la robe que j' aime beaucoup n' est pas très importante . <eos>,10,importante,important,8,importante,-5.0118585,important,-8.438417,1
234,S_NOUN_8_ADJ_c,F,S,la robe que j' aime beaucoup n' est pas très courte . <eos>,10,courte,court,8,courte,-4.898273,court,-8.098923,1
235,S_NOUN_8_ADJ_c,F,S,la robe que j' aime beaucoup n' est pas très dure . <eos>,10,dure,dur,8,dure,-7.3646774,dur,-7.9727077,1
236,S_NOUN_8_ADJ_c,F,S,la robe que j' aime beaucoup n' est pas très claire . <eos>,10,claire,clair,8,claire,-2.3116906,clair,-6.1874065,1
237,S_NOUN_8_ADJ_c,F,S,la robe que j' aime beaucoup n' est pas très intéressante . <eos>,10,intéressante,intéressant,8,intéressante,-6.487835,intéressant,-10.504631,1
238,S_NOUN_8_ADJ_c,F,S,la robe que j' aime beaucoup n' est pas très brillante . <eos>,10,brillante,brillant,8,brillante,-4.5902967,brillant,-7.3961344,1
239,S_NOUN_8_ADJ_c,F,S,la robe que j' aime beaucoup n' est pas très compliquée . <eos>,10,compliquée,compliqué,8,compliquée,-7.583303,compliqué,-10.031405,1
240,S_NOUN_8_ADJ_c,F,S,la valise que j' aime beaucoup n' est pas très verte . <eos>,10,verte,vert,8,verte,-10.803285,vert,-11.171241,1
241,S_NOUN_8_ADJ_c,F,S,la valise que j' aime beaucoup n' est pas très bleue . <eos>,10,bleue,bleu,8,bleue,-11.083916,bleu,-10.988346,0
242,S_NOUN_8_ADJ_c,F,S,la valise que j' aime beaucoup n' est pas très noire . <eos>,10,noire,noir,8,noire,-9.277136,noir,-9.944813,1
243,S_NOUN_8_ADJ_c,F,S,la valise que j' aime beaucoup n' est pas très délicate . <eos>,10,délicate,délicat,8,délicate,-8.51615,délicat,-12.309258,1
244,S_NOUN_8_ADJ_c,F,S,la valise que j' aime beaucoup n' est pas très pointue . <eos>,10,pointue,pointu,8,pointue,-10.056034,pointu,-10.223438,1
245,S_NOUN_8_ADJ_c,F,S,la valise que j' aime beaucoup n' est pas très ronde . <eos>,10,ronde,rond,8,ronde,-9.946884,rond,-9.853285,0
246,S_NOUN_8_ADJ_c,F,S,la valise que j' aime beaucoup n' est pas très froide . <eos>,10,froide,froid,8,froide,-9.766345,froid,-10.556509,1
247,S_NOUN_8_ADJ_c,F,S,la valise que j' aime beaucoup n' est pas très chaude . <eos>,10,chaude,chaud,8,chaude,-8.964634,chaud,-10.357004,1
248,S_NOUN_8_ADJ_c,F,S,la valise que j' aime beaucoup n' est pas très importante . <eos>,10,importante,important,8,importante,-5.357146,important,-8.019049,1
249,S_NOUN_8_ADJ_c,F,S,la valise que j' aime beaucoup n' est pas très courte . <eos>,10,courte,court,8,courte,-4.695692,court,-7.608204,1
250,S_NOUN_8_ADJ_c,F,S,la valise que j' aime beaucoup n' est pas très dure . <eos>,10,dure,dur,8,dure,-6.2473307,dur,-7.3390245,1
251,S_NOUN_8_ADJ_c,F,S,la valise que j' aime beaucoup n' est pas très claire . <eos>,10,claire,clair,8,claire,-4.882378,clair,-7.614301,1
252,S_NOUN_8_ADJ_c,F,S,la valise que j' aime beaucoup n' est pas très intéressante . <eos>,10,intéressante,intéressant,8,intéressante,-4.3362017,intéressant,-9.084921,1
253,S_NOUN_8_ADJ_c,F,S,la valise que j' aime beaucoup n' est pas très brillante . <eos>,10,brillante,brillant,8,brillante,-5.266322,brillant,-7.298627,1
254,S_NOUN_8_ADJ_c,F,S,la valise que j' aime beaucoup n' est pas très compliquée . <eos>,10,compliquée,compliqué,8,compliquée,-6.208423,compliqué,-8.312632,1
255,S_NOUN_8_ADJ_c,F,S,la pendule que j' aime beaucoup n' est pas très verte . <eos>,10,verte,vert,8,verte,-9.4860115,vert,-10.313972,1
256,S_NOUN_8_ADJ_c,F,S,la pendule que j' aime beaucoup n' est pas très bleue . <eos>,10,bleue,bleu,8,bleue,-10.580425,bleu,-10.572616,0
257,S_NOUN_8_ADJ_c,F,S,la pendule que j' aime beaucoup n' est pas très noire . <eos>,10,noire,noir,8,noire,-9.61403,noir,-9.825216,1
258,S_NOUN_8_ADJ_c,F,S,la pendule que j' aime beaucoup n' est pas très délicate . <eos>,10,délicate,délicat,8,délicate,-8.29403,délicat,-11.133663,1
259,S_NOUN_8_ADJ_c,F,S,la pendule que j' aime beaucoup n' est pas très pointue . <eos>,10,pointue,pointu,8,pointue,-9.587582,pointu,-10.428549,1
260,S_NOUN_8_ADJ_c,F,S,la pendule que j' aime beaucoup n' est pas très ronde . <eos>,10,ronde,rond,8,ronde,-10.545671,rond,-9.753476,0
261,S_NOUN_8_ADJ_c,F,S,la pendule que j' aime beaucoup n' est pas très froide . <eos>,10,froide,froid,8,froide,-6.8785696,froid,-8.996137,1
262,S_NOUN_8_ADJ_c,F,S,la pendule que j' aime beaucoup n' est pas très chaude . <eos>,10,chaude,chaud,8,chaude,-7.0629873,chaud,-8.992712,1
263,S_NOUN_8_ADJ_c,F,S,la pendule que j' aime beaucoup n' est pas très importante . <eos>,10,importante,important,8,importante,-4.809245,important,-7.8898067,1
264,S_NOUN_8_ADJ_c,F,S,la pendule que j' aime beaucoup n' est pas très courte . <eos>,10,courte,court,8,courte,-5.241863,court,-8.486021,1
265,S_NOUN_8_ADJ_c,F,S,la pendule que j' aime beaucoup n' est pas très dure . <eos>,10,dure,dur,8,dure,-7.0607977,dur,-8.358264,1
266,S_NOUN_8_ADJ_c,F,S,la pendule que j' aime beaucoup n' est pas très claire . <eos>,10,claire,clair,8,claire,-3.727901,clair,-7.183348,1
267,S_NOUN_8_ADJ_c,F,S,la pendule que j' aime beaucoup n' est pas très intéressante . <eos>,10,intéressante,intéressant,8,intéressante,-4.376586,intéressant,-8.838975,1
268,S_NOUN_8_ADJ_c,F,S,la pendule que j' aime beaucoup n' est pas très brillante . <eos>,10,brillante,brillant,8,brillante,-4.101679,brillant,-7.3147697,1
269,S_NOUN_8_ADJ_c,F,S,la pendule que j' aime beaucoup n' est pas très compliquée . <eos>,10,compliquée,compliqué,8,compliquée,-6.759709,compliqué,-9.217506,1
270,S_NOUN_8_ADJ_c,F,S,la cloche que j' aime beaucoup n' est pas très verte . <eos>,10,verte,vert,8,verte,-9.367557,vert,-10.678036,1
271,S_NOUN_8_ADJ_c,F,S,la cloche que j' aime beaucoup n' est pas très bleue . <eos>,10,bleue,bleu,8,bleue,-10.377748,bleu,-10.723306,1
272,S_NOUN_8_ADJ_c,F,S,la cloche que j' aime beaucoup n' est pas très noire . <eos>,10,noire,noir,8,noire,-8.322411,noir,-9.960601,1
273,S_NOUN_8_ADJ_c,F,S,la cloche que j' aime beaucoup n' est pas très délicate . <eos>,10,délicate,délicat,8,délicate,-8.810257,délicat,-11.755896,1
274,S_NOUN_8_ADJ_c,F,S,la cloche que j' aime beaucoup n' est pas très pointue . <eos>,10,pointue,pointu,8,pointue,-9.066218,pointu,-10.165938,1
275,S_NOUN_8_ADJ_c,F,S,la cloche que j' aime beaucoup n' est pas très ronde . <eos>,10,ronde,rond,8,ronde,-9.623119,rond,-10.300767,1
276,S_NOUN_8_ADJ_c,F,S,la cloche que j' aime beaucoup n' est pas très froide . <eos>,10,froide,froid,8,froide,-7.5090113,froid,-8.972346,1
277,S_NOUN_8_ADJ_c,F,S,la cloche que j' aime beaucoup n' est pas très chaude . <eos>,10,chaude,chaud,8,chaude,-7.2293,chaud,-9.085157,1
278,S_NOUN_8_ADJ_c,F,S,la cloche que j' aime beaucoup n' est pas très importante . <eos>,10,importante,important,8,importante,-5.333706,important,-8.121906,1
279,S_NOUN_8_ADJ_c,F,S,la cloche que j' aime beaucoup n' est pas très courte . <eos>,10,courte,court,8,courte,-5.661855,court,-8.785349,1
280,S_NOUN_8_ADJ_c,F,S,la cloche que j' aime beaucoup n' est pas très dure . <eos>,10,dure,dur,8,dure,-6.373406,dur,-7.407478,1
281,S_NOUN_8_ADJ_c,F,S,la cloche que j' aime beaucoup n' est pas très claire . <eos>,10,claire,clair,8,claire,-4.8029585,clair,-7.2112045,1
282,S_NOUN_8_ADJ_c,F,S,la cloche que j' aime beaucoup n' est pas très intéressante . <eos>,10,intéressante,intéressant,8,intéressante,-4.7558136,intéressant,-8.783063,1
283,S_NOUN_8_ADJ_c,F,S,la cloche que j' aime beaucoup n' est pas très brillante . <eos>,10,brillante,brillant,8,brillante,-4.7745647,brillant,-7.6315145,1
284,S_NOUN_8_ADJ_c,F,S,la cloche que j' aime beaucoup n' est pas très compliquée . <eos>,10,compliquée,compliqué,8,compliquée,-8.022334,compliqué,-9.460303,1
285,S_NOUN_8_ADJ_c,F,S,la cerise que j' aime beaucoup n' est pas très verte . <eos>,10,verte,vert,8,verte,-8.411861,vert,-9.548658,1
286,S_NOUN_8_ADJ_c,F,S,la cerise que j' aime beaucoup n' est pas très bleue . <eos>,10,bleue,bleu,8,bleue,-10.307542,bleu,-10.100577,0
287,S_NOUN_8_ADJ_c,F,S,la cerise que j' aime beaucoup n' est pas très noire . <eos>,10,noire,noir,8,noire,-8.637723,noir,-9.444707,1
288,S_NOUN_8_ADJ_c,F,S,la cerise que j' aime beaucoup n' est pas très délicate . <eos>,10,délicate,délicat,8,délicate,-8.591114,délicat,-10.848385,1
289,S_NOUN_8_ADJ_c,F,S,la cerise que j' aime beaucoup n' est pas très pointue . <eos>,10,pointue,pointu,8,pointue,-9.94233,pointu,-10.688759,1
290,S_NOUN_8_ADJ_c,F,S,la cerise que j' aime beaucoup n' est pas très ronde . <eos>,10,ronde,rond,8,ronde,-9.935502,rond,-10.196478,1
291,S_NOUN_8_ADJ_c,F,S,la cerise que j' aime beaucoup n' est pas très froide . <eos>,10,froide,froid,8,froide,-7.3731523,froid,-9.761126,1
292,S_NOUN_8_ADJ_c,F,S,la cerise que j' aime beaucoup n' est pas très chaude . <eos>,10,chaude,chaud,8,chaude,-6.6902113,chaud,-8.685604,1
293,S_NOUN_8_ADJ_c,F,S,la cerise que j' aime beaucoup n' est pas très importante . <eos>,10,importante,important,8,importante,-5.561593,important,-8.54772,1
294,S_NOUN_8_ADJ_c,F,S,la cerise que j' aime beaucoup n' est pas très courte . <eos>,10,courte,court,8,courte,-6.392989,court,-8.629157,1
295,S_NOUN_8_ADJ_c,F,S,la cerise que j' aime beaucoup n' est pas très dure . <eos>,10,dure,dur,8,dure,-6.9737043,dur,-8.05354,1
296,S_NOUN_8_ADJ_c,F,S,la cerise que j' aime beaucoup n' est pas très claire . <eos>,10,claire,clair,8,claire,-3.2351432,clair,-7.11655,1
297,S_NOUN_8_ADJ_c,F,S,la cerise que j' aime beaucoup n' est pas très intéressante . <eos>,10,intéressante,intéressant,8,intéressante,-5.170533,intéressant,-9.761644,1
298,S_NOUN_8_ADJ_c,F,S,la cerise que j' aime beaucoup n' est pas très brillante . <eos>,10,brillante,brillant,8,brillante,-4.9165497,brillant,-7.58593,1
299,S_NOUN_8_ADJ_c,F,S,la cerise que j' aime beaucoup n' est pas très compliquée . <eos>,10,compliquée,compliqué,8,compliquée,-8.073847,compliqué,-9.650774,1
300,S_NOUN_8_ADJ_c,M,S,le bracelet que j' aime beaucoup n' est pas très vert . <eos>,10,vert,verte,8,vert,-10.579016,verte,-13.492661,1
301,S_NOUN_8_ADJ_c,M,S,le bracelet que j' aime beaucoup n' est pas très bleu . <eos>,10,bleu,bleue,8,bleu,-10.129795,bleue,-14.987795,1
302,S_NOUN_8_ADJ_c,M,S,le bracelet que j' aime beaucoup n' est pas très noir . <eos>,10,noir,noire,8,noir,-7.603201,noire,-13.065036,1
303,S_NOUN_8_ADJ_c,M,S,le bracelet que j' aime beaucoup n' est pas très délicat . <eos>,10,délicat,délicate,8,délicat,-8.895416,délicate,-12.583599,1
304,S_NOUN_8_ADJ_c,M,S,le bracelet que j' aime beaucoup n' est pas très pointu . <eos>,10,pointu,pointue,8,pointu,-6.952305,pointue,-13.613471,1
305,S_NOUN_8_ADJ_c,M,S,le bracelet que j' aime beaucoup n' est pas très rond . <eos>,10,rond,ronde,8,rond,-6.864163,ronde,-13.1145,1
306,S_NOUN_8_ADJ_c,M,S,le bracelet que j' aime beaucoup n' est pas très froid . <eos>,10,froid,froide,8,froid,-8.264074,froide,-12.35713,1
307,S_NOUN_8_ADJ_c,M,S,le bracelet que j' aime beaucoup n' est pas très chaud . <eos>,10,chaud,chaude,8,chaud,-7.8339186,chaude,-12.848598,1
308,S_NOUN_8_ADJ_c,M,S,le bracelet que j' aime beaucoup n' est pas très important . <eos>,10,important,importante,8,important,-4.6749988,importante,-9.835876,1
309,S_NOUN_8_ADJ_c,M,S,le bracelet que j' aime beaucoup n' est pas très court . <eos>,10,court,courte,8,court,-5.3689747,courte,-8.355802,1
310,S_NOUN_8_ADJ_c,M,S,le bracelet que j' aime beaucoup n' est pas très dur . <eos>,10,dur,dure,8,dur,-4.960412,dure,-8.727713,1
311,S_NOUN_8_ADJ_c,M,S,le bracelet que j' aime beaucoup n' est pas très clair . <eos>,10,clair,claire,8,clair,-5.181469,claire,-7.738535,1
312,S_NOUN_8_ADJ_c,M,S,le bracelet que j' aime beaucoup n' est pas très intéressant . <eos>,10,intéressant,intéressante,8,intéressant,-5.943988,intéressante,-9.400918,1
313,S_NOUN_8_ADJ_c,M,S,le bracelet que j' aime beaucoup n' est pas très brillant . <eos>,10,brillant,brillante,8,brillant,-5.823868,brillante,-10.467986,1
314,S_NOUN_8_ADJ_c,M,S,le bracelet que j' aime beaucoup n' est pas très compliqué . <eos>,10,compliqué,compliquée,8,compliqué,-6.1725826,compliquée,-10.519962,1
315,S_NOUN_8_ADJ_c,M,S,le miroir que j' aime beaucoup n' est pas très vert . <eos>,10,vert,verte,8,vert,-8.96821,verte,-12.333042,1
316,S_NOUN_8_ADJ_c,M,S,le miroir que j' aime beaucoup n' est pas très bleu . <eos>,10,bleu,bleue,8,bleu,-8.470369,bleue,-13.483076,1
317,S_NOUN_8_ADJ_c,M,S,le miroir que j' aime beaucoup n' est pas très noir . <eos>,10,noir,noire,8,noir,-6.3295827,noire,-11.6539135,1
318,S_NOUN_8_ADJ_c,M,S,le miroir que j' aime beaucoup n' est pas très délicat . <eos>,10,délicat,délicate,8,délicat,-8.668242,délicate,-12.590483,1
319,S_NOUN_8_ADJ_c,M,S,le miroir que j' aime beaucoup n' est pas très pointu . <eos>,10,pointu,pointue,8,pointu,-7.162855,pointue,-13.6525955,1
320,S_NOUN_8_ADJ_c,M,S,le miroir que j' aime beaucoup n' est pas très rond . <eos>,10,rond,ronde,8,rond,-6.93083,ronde,-13.176947,1
321,S_NOUN_8_ADJ_c,M,S,le miroir que j' aime beaucoup n' est pas très froid . <eos>,10,froid,froide,8,froid,-6.6706114,froide,-10.764598,1
322,S_NOUN_8_ADJ_c,M,S,le miroir que j' aime beaucoup n' est pas très chaud . <eos>,10,chaud,chaude,8,chaud,-6.6337924,chaude,-11.335281,1
323,S_NOUN_8_ADJ_c,M,S,le miroir que j' aime beaucoup n' est pas très important . <eos>,10,important,importante,8,important,-5.1379213,importante,-9.853517,1
324,S_NOUN_8_ADJ_c,M,S,le miroir que j' aime beaucoup n' est pas très court . <eos>,10,court,courte,8,court,-5.249461,courte,-8.0537405,1
325,S_NOUN_8_ADJ_c,M,S,le miroir que j' aime beaucoup n' est pas très dur . <eos>,10,dur,dure,8,dur,-5.9096136,dure,-9.013988,1
326,S_NOUN_8_ADJ_c,M,S,le miroir que j' aime beaucoup n' est pas très clair . <eos>,10,clair,claire,8,clair,-4.220907,claire,-7.2102175,1
327,S_NOUN_8_ADJ_c,M,S,le miroir que j' aime beaucoup n' est pas très intéressant . <eos>,10,intéressant,intéressante,8,intéressant,-5.6113853,intéressante,-9.4164095,1
328,S_NOUN_8_ADJ_c,M,S,le miroir que j' aime beaucoup n' est pas très brillant . <eos>,10,brillant,brillante,8,brillant,-5.153393,brillante,-8.7362175,1
329,S_NOUN_8_ADJ_c,M,S,le miroir que j' aime beaucoup n' est pas très compliqué . <eos>,10,compliqué,compliquée,8,compliqué,-6.1978393,compliquée,-10.225052,1
330,S_NOUN_8_ADJ_c,M,S,le crayon que j' aime beaucoup n' est pas très vert . <eos>,10,vert,verte,8,vert,-8.204464,verte,-11.747433,1
331,S_NOUN_8_ADJ_c,M,S,le crayon que j' aime beaucoup n' est pas très bleu . <eos>,10,bleu,bleue,8,bleu,-8.27161,bleue,-13.616469,1
332,S_NOUN_8_ADJ_c,M,S,le crayon que j' aime beaucoup n' est pas très noir . <eos>,10,noir,noire,8,noir,-6.006963,noire,-12.08361,1
333,S_NOUN_8_ADJ_c,M,S,le crayon que j' aime beaucoup n' est pas très délicat . <eos>,10,délicat,délicate,8,délicat,-8.0709305,délicate,-11.847678,1
334,S_NOUN_8_ADJ_c,M,S,le crayon que j' aime beaucoup n' est pas très pointu . <eos>,10,pointu,pointue,8,pointu,-7.827037,pointue,-13.281693,1
335,S_NOUN_8_ADJ_c,M,S,le crayon que j' aime beaucoup n' est pas très rond . <eos>,10,rond,ronde,8,rond,-7.4948044,ronde,-13.189735,1
336,S_NOUN_8_ADJ_c,M,S,le crayon que j' aime beaucoup n' est pas très froid . <eos>,10,froid,froide,8,froid,-7.527788,froide,-12.533134,1
337,S_NOUN_8_ADJ_c,M,S,le crayon que j' aime beaucoup n' est pas très chaud . <eos>,10,chaud,chaude,8,chaud,-7.2479744,chaude,-12.402221,1
338,S_NOUN_8_ADJ_c,M,S,le crayon que j' aime beaucoup n' est pas très important . <eos>,10,important,importante,8,important,-4.9899597,importante,-9.873772,1
339,S_NOUN_8_ADJ_c,M,S,le crayon que j' aime beaucoup n' est pas très court . <eos>,10,court,courte,8,court,-6.4452066,courte,-9.112498,1
340,S_NOUN_8_ADJ_c,M,S,le crayon que j' aime beaucoup n' est pas très dur . <eos>,10,dur,dure,8,dur,-5.9302344,dure,-9.566643,1
341,S_NOUN_8_ADJ_c,M,S,le crayon que j' aime beaucoup n' est pas très clair . <eos>,10,clair,claire,8,clair,-4.139536,claire,-6.341219,1
342,S_NOUN_8_ADJ_c,M,S,le crayon que j' aime beaucoup n' est pas très intéressant . <eos>,10,intéressant,intéressante,8,intéressant,-5.9199567,intéressante,-9.74725,1
343,S_NOUN_8_ADJ_c,M,S,le crayon que j' aime beaucoup n' est pas très brillant . <eos>,10,brillant,brillante,8,brillant,-4.744046,brillante,-9.528609,1
344,S_NOUN_8_ADJ_c,M,S,le crayon que j' aime beaucoup n' est pas très compliqué . <eos>,10,compliqué,compliquée,8,compliqué,-6.761731,compliquée,-11.111351,1
345,S_NOUN_8_ADJ_c,M,S,le rideau que j' aime beaucoup n' est pas très vert . <eos>,10,vert,verte,8,vert,-9.637648,verte,-13.406883,1
346,S_NOUN_8_ADJ_c,M,S,le rideau que j' aime beaucoup n' est pas très bleu . <eos>,10,bleu,bleue,8,bleu,-8.975762,bleue,-13.948119,1
347,S_NOUN_8_ADJ_c,M,S,le rideau que j' aime beaucoup n' est pas très noir . <eos>,10,noir,noire,8,noir,-7.122755,noire,-11.82598,1
348,S_NOUN_8_ADJ_c,M,S,le rideau que j' aime beaucoup n' est pas très délicat . <eos>,10,délicat,délicate,8,délicat,-9.191032,délicate,-12.999553,1
349,S_NOUN_8_ADJ_c,M,S,le rideau que j' aime beaucoup n' est pas très pointu . <eos>,10,pointu,pointue,8,pointu,-7.2073774,pointue,-13.299306,1
350,S_NOUN_8_ADJ_c,M,S,le rideau que j' aime beaucoup n' est pas très rond . <eos>,10,rond,ronde,8,rond,-6.5361204,ronde,-13.182357,1
351,S_NOUN_8_ADJ_c,M,S,le rideau que j' aime beaucoup n' est pas très froid . <eos>,10,froid,froide,8,froid,-6.4307585,froide,-10.268415,1
352,S_NOUN_8_ADJ_c,M,S,le rideau que j' aime beaucoup n' est pas très chaud . <eos>,10,chaud,chaude,8,chaud,-6.2001166,chaude,-11.01914,1
353,S_NOUN_8_ADJ_c,M,S,le rideau que j' aime beaucoup n' est pas très important . <eos>,10,important,importante,8,important,-5.0517397,importante,-9.826858,1
354,S_NOUN_8_ADJ_c,M,S,le rideau que j' aime beaucoup n' est pas très court . <eos>,10,court,courte,8,court,-4.990778,courte,-8.584281,1
355,S_NOUN_8_ADJ_c,M,S,le rideau que j' aime beaucoup n' est pas très dur . <eos>,10,dur,dure,8,dur,-4.5273323,dure,-7.7036877,1
356,S_NOUN_8_ADJ_c,M,S,le rideau que j' aime beaucoup n' est pas très clair . <eos>,10,clair,claire,8,clair,-4.916129,claire,-7.6242266,1
357,S_NOUN_8_ADJ_c,M,S,le rideau que j' aime beaucoup n' est pas très intéressant . <eos>,10,intéressant,intéressante,8,intéressant,-6.62731,intéressante,-9.356235,1
358,S_NOUN_8_ADJ_c,M,S,le rideau que j' aime beaucoup n' est pas très brillant . <eos>,10,brillant,brillante,8,brillant,-5.4854064,brillante,-9.121355,1
359,S_NOUN_8_ADJ_c,M,S,le rideau que j' aime beaucoup n' est pas très compliqué . <eos>,10,compliqué,compliquée,8,compliqué,-6.7252717,compliquée,-10.754126,1
360,S_NOUN_8_ADJ_c,M,S,le cahier que j' aime beaucoup n' est pas très vert . <eos>,10,vert,verte,8,vert,-9.242963,verte,-13.676698,1
361,S_NOUN_8_ADJ_c,M,S,le cahier que j' aime beaucoup n' est pas très bleu . <eos>,10,bleu,bleue,8,bleu,-9.974669,bleue,-15.126303,1
362,S_NOUN_8_ADJ_c,M,S,le cahier que j' aime beaucoup n' est pas très noir . <eos>,10,noir,noire,8,noir,-7.294676,noire,-12.793519,1
363,S_NOUN_8_ADJ_c,M,S,le cahier que j' aime beaucoup n' est pas très délicat . <eos>,10,délicat,délicate,8,délicat,-9.315258,délicate,-13.2876,1
364,S_NOUN_8_ADJ_c,M,S,le cahier que j' aime beaucoup n' est pas très pointu . <eos>,10,pointu,pointue,8,pointu,-8.18369,pointue,-14.106365,1
365,S_NOUN_8_ADJ_c,M,S,le cahier que j' aime beaucoup n' est pas très rond . <eos>,10,rond,ronde,8,rond,-9.163574,ronde,-14.079542,1
366,S_NOUN_8_ADJ_c,M,S,le cahier que j' aime beaucoup n' est pas très froid . <eos>,10,froid,froide,8,froid,-6.9348116,froide,-12.508881,1
367,S_NOUN_8_ADJ_c,M,S,le cahier que j' aime beaucoup n' est pas très chaud . <eos>,10,chaud,chaude,8,chaud,-7.5263042,chaude,-12.307834,1
368,S_NOUN_8_ADJ_c,M,S,le cahier que j' aime beaucoup n' est pas très important . <eos>,10,important,importante,8,important,-4.843066,importante,-10.234245,1
369,S_NOUN_8_ADJ_c,M,S,le cahier que j' aime beaucoup n' est pas très court . <eos>,10,court,courte,8,court,-5.2869663,courte,-8.652072,1
370,S_NOUN_8_ADJ_c,M,S,le cahier que j' aime beaucoup n' est pas très dur . <eos>,10,dur,dure,8,dur,-5.778112,dure,-8.132212,1
371,S_NOUN_8_ADJ_c,M,S,le cahier que j' aime beaucoup n' est pas très clair . <eos>,10,clair,claire,8,clair,-4.3553023,claire,-7.7553983,1
372,S_NOUN_8_ADJ_c,M,S,le cahier que j' aime beaucoup n' est pas très intéressant . <eos>,10,intéressant,intéressante,8,intéressant,-5.324902,intéressante,-9.4403305,1
373,S_NOUN_8_ADJ_c,M,S,le cahier que j' aime beaucoup n' est pas très brillant . <eos>,10,brillant,brillante,8,brillant,-5.583974,brillante,-9.838049,1
374,S_NOUN_8_ADJ_c,M,S,le cahier que j' aime beaucoup n' est pas très compliqué . <eos>,10,compliqué,compliquée,8,compliqué,-6.2825522,compliquée,-10.864603,1
375,S_NOUN_8_ADJ_c,M,S,le micro que j' aime beaucoup n' est pas très vert . <eos>,10,vert,verte,8,vert,-10.10222,verte,-13.360715,1
376,S_NOUN_8_ADJ_c,M,S,le micro que j' aime beaucoup n' est pas très bleu . <eos>,10,bleu,bleue,8,bleu,-9.112436,bleue,-13.838703,1
377,S_NOUN_8_ADJ_c,M,S,le micro que j' aime beaucoup n' est pas très noir . <eos>,10,noir,noire,8,noir,-7.3866634,noire,-12.044644,1
378,S_NOUN_8_ADJ_c,M,S,le micro que j' aime beaucoup n' est pas très délicat . <eos>,10,délicat,délicate,8,délicat,-9.016413,délicate,-12.968079,1
379,S_NOUN_8_ADJ_c,M,S,le micro que j' aime beaucoup n' est pas très pointu . <eos>,10,pointu,pointue,8,pointu,-7.283579,pointue,-13.357744,1
380,S_NOUN_8_ADJ_c,M,S,le micro que j' aime beaucoup n' est pas très rond . <eos>,10,rond,ronde,8,rond,-7.7859845,ronde,-13.917557,1
381,S_NOUN_8_ADJ_c,M,S,le micro que j' aime beaucoup n' est pas très froid . <eos>,10,froid,froide,8,froid,-6.5651956,froide,-11.681011,1
382,S_NOUN_8_ADJ_c,M,S,le micro que j' aime beaucoup n' est pas très chaud . <eos>,10,chaud,chaude,8,chaud,-6.565254,chaude,-11.569414,1
383,S_NOUN_8_ADJ_c,M,S,le micro que j' aime beaucoup n' est pas très important . <eos>,10,important,importante,8,important,-4.841878,importante,-9.696989,1
384,S_NOUN_8_ADJ_c,M,S,le micro que j' aime beaucoup n' est pas très court . <eos>,10,court,courte,8,court,-5.7007737,courte,-8.479746,1
385,S_NOUN_8_ADJ_c,M,S,le micro que j' aime beaucoup n' est pas très dur . <eos>,10,dur,dure,8,dur,-4.95487,dure,-8.612266,1
386,S_NOUN_8_ADJ_c,M,S,le micro que j' aime beaucoup n' est pas très clair . <eos>,10,clair,claire,8,clair,-4.340663,claire,-7.3727713,1
387,S_NOUN_8_ADJ_c,M,S,le micro que j' aime beaucoup n' est pas très intéressant . <eos>,10,intéressant,intéressante,8,intéressant,-5.734104,intéressante,-9.319534,1
388,S_NOUN_8_ADJ_c,M,S,le micro que j' aime beaucoup n' est pas très brillant . <eos>,10,brillant,brillante,8,brillant,-5.1179056,brillante,-9.308815,1
389,S_NOUN_8_ADJ_c,M,S,le micro que j' aime beaucoup n' est pas très compliqué . <eos>,10,compliqué,compliquée,8,compliqué,-6.030098,compliquée,-10.0126095,1
390,S_NOUN_8_ADJ_c,M,S,le sac que j' aime beaucoup n' est pas très vert . <eos>,10,vert,verte,8,vert,-10.205013,verte,-13.725603,1
391,S_NOUN_8_ADJ_c,M,S,le sac que j' aime beaucoup n' est pas très bleu . <eos>,10,bleu,bleue,8,bleu,-10.000506,bleue,-15.144182,1
392,S_NOUN_8_ADJ_c,M,S,le sac que j' aime beaucoup n' est pas très noir . <eos>,10,noir,noire,8,noir,-7.5116367,noire,-13.020407,1
393,S_NOUN_8_ADJ_c,M,S,le sac que j' aime beaucoup n' est pas très délicat . <eos>,10,délicat,délicate,8,délicat,-9.120623,délicate,-12.97745,1
394,S_NOUN_8_ADJ_c,M,S,le sac que j' aime beaucoup n' est pas très pointu . <eos>,10,pointu,pointue,8,pointu,-7.4616737,pointue,-13.935369,1
395,S_NOUN_8_ADJ_c,M,S,le sac que j' aime beaucoup n' est pas très rond . <eos>,10,rond,ronde,8,rond,-7.8575726,ronde,-13.907045,1
396,S_NOUN_8_ADJ_c,M,S,le sac que j' aime beaucoup n' est pas très froid . <eos>,10,froid,froide,8,froid,-6.790823,froide,-12.109392,1
397,S_NOUN_8_ADJ_c,M,S,le sac que j' aime beaucoup n' est pas très chaud . <eos>,10,chaud,chaude,8,chaud,-6.926273,chaude,-12.635101,1
398,S_NOUN_8_ADJ_c,M,S,le sac que j' aime beaucoup n' est pas très important . <eos>,10,important,importante,8,important,-4.5723286,importante,-9.803168,1
399,S_NOUN_8_ADJ_c,M,S,le sac que j' aime beaucoup n' est pas très court . <eos>,10,court,courte,8,court,-5.718831,courte,-9.146288,1
400,S_NOUN_8_ADJ_c,M,S,le sac que j' aime beaucoup n' est pas très dur . <eos>,10,dur,dure,8,dur,-4.7539964,dure,-8.297867,1
401,S_NOUN_8_ADJ_c,M,S,le sac que j' aime beaucoup n' est pas très clair . <eos>,10,clair,claire,8,clair,-5.000659,claire,-7.7783556,1
402,S_NOUN_8_ADJ_c,M,S,le sac que j' aime beaucoup n' est pas très intéressant . <eos>,10,intéressant,intéressante,8,intéressant,-5.895288,intéressante,-9.518918,1
403,S_NOUN_8_ADJ_c,M,S,le sac que j' aime beaucoup n' est pas très brillant . <eos>,10,brillant,brillante,8,brillant,-5.344549,brillante,-10.207155,1
404,S_NOUN_8_ADJ_c,M,S,le sac que j' aime beaucoup n' est pas très compliqué . <eos>,10,compliqué,compliquée,8,compliqué,-6.408512,compliquée,-10.75931,1
405,S_NOUN_8_ADJ_c,M,S,le clavier que j' aime beaucoup n' est pas très vert . <eos>,10,vert,verte,8,vert,-9.322664,verte,-13.04576,1
406,S_NOUN_8_ADJ_c,M,S,le clavier que j' aime beaucoup n' est pas très bleu . <eos>,10,bleu,bleue,8,bleu,-9.073118,bleue,-13.561381,1
407,S_NOUN_8_ADJ_c,M,S,le clavier que j' aime beaucoup n' est pas très noir . <eos>,10,noir,noire,8,noir,-7.615795,noire,-11.715159,1
408,S_NOUN_8_ADJ_c,M,S,le clavier que j' aime beaucoup n' est pas très délicat . <eos>,10,délicat,délicate,8,délicat,-8.117743,délicate,-12.536562,1
409,S_NOUN_8_ADJ_c,M,S,le clavier que j' aime beaucoup n' est pas très pointu . <eos>,10,pointu,pointue,8,pointu,-6.7999215,pointue,-12.477116,1
410,S_NOUN_8_ADJ_c,M,S,le clavier que j' aime beaucoup n' est pas très rond . <eos>,10,rond,ronde,8,rond,-7.5871487,ronde,-13.57962,1
411,S_NOUN_8_ADJ_c,M,S,le clavier que j' aime beaucoup n' est pas très froid . <eos>,10,froid,froide,8,froid,-7.7521925,froide,-11.605259,1
412,S_NOUN_8_ADJ_c,M,S,le clavier que j' aime beaucoup n' est pas très chaud . <eos>,10,chaud,chaude,8,chaud,-7.617867,chaude,-11.72777,1
413,S_NOUN_8_ADJ_c,M,S,le clavier que j' aime beaucoup n' est pas très important . <eos>,10,important,importante,8,important,-5.084797,importante,-9.795219,1
414,S_NOUN_8_ADJ_c,M,S,le clavier que j' aime beaucoup n' est pas très court . <eos>,10,court,courte,8,court,-5.876919,courte,-8.554781,1
415,S_NOUN_8_ADJ_c,M,S,le clavier que j' aime beaucoup n' est pas très dur . <eos>,10,dur,dure,8,dur,-4.642495,dure,-8.553791,1
416,S_NOUN_8_ADJ_c,M,S,le clavier que j' aime beaucoup n' est pas très clair . <eos>,10,clair,claire,8,clair,-4.516817,claire,-7.179139,1
417,S_NOUN_8_ADJ_c,M,S,le clavier que j' aime beaucoup n' est pas très intéressant . <eos>,10,intéressant,intéressante,8,intéressant,-6.2796836,intéressante,-9.772476,1
418,S_NOUN_8_ADJ_c,M,S,le clavier que j' aime beaucoup n' est pas très brillant . <eos>,10,brillant,brillante,8,brillant,-5.1285605,brillante,-9.825823,1
419,S_NOUN_8_ADJ_c,M,S,le clavier que j' aime beaucoup n' est pas très compliqué . <eos>,10,compliqué,compliquée,8,compliqué,-6.369236,compliquée,-10.357386,1
420,S_NOUN_8_ADJ_c,M,S,le raisin que j' aime beaucoup n' est pas très vert . <eos>,10,vert,verte,8,vert,-8.63356,verte,-12.4950285,1
421,S_NOUN_8_ADJ_c,M,S,le raisin que j' aime beaucoup n' est pas très bleu . <eos>,10,bleu,bleue,8,bleu,-9.25111,bleue,-15.18591,1
422,S_NOUN_8_ADJ_c,M,S,le raisin que j' aime beaucoup n' est pas très noir . <eos>,10,noir,noire,8,noir,-7.1817584,noire,-13.481556,1
423,S_NOUN_8_ADJ_c,M,S,le raisin que j' aime beaucoup n' est pas très délicat . <eos>,10,délicat,délicate,8,délicat,-7.370114,délicate,-13.014814,1
424,S_NOUN_8_ADJ_c,M,S,le raisin que j' aime beaucoup n' est pas très pointu . <eos>,10,pointu,pointue,8,pointu,-8.139156,pointue,-13.722086,1
425,S_NOUN_8_ADJ_c,M,S,le raisin que j' aime beaucoup n' est pas très rond . <eos>,10,rond,ronde,8,rond,-8.010805,ronde,-13.167477,1
426,S_NOUN_8_ADJ_c,M,S,le raisin que j' aime beaucoup n' est pas très froid . <eos>,10,froid,froide,8,froid,-6.6073637,froide,-10.40908,1
427,S_NOUN_8_ADJ_c,M,S,le raisin que j' aime beaucoup n' est pas très chaud . <eos>,10,chaud,chaude,8,chaud,-5.1380568,chaude,-10.359059,1
428,S_NOUN_8_ADJ_c,M,S,le raisin que j' aime beaucoup n' est pas très important . <eos>,10,important,importante,8,important,-5.108545,importante,-10.140242,1
429,S_NOUN_8_ADJ_c,M,S,le raisin que j' aime beaucoup n' est pas très court . <eos>,10,court,courte,8,court,-6.0370736,courte,-10.342958,1
430,S_NOUN_8_ADJ_c,M,S,le raisin que j' aime beaucoup n' est pas très dur . <eos>,10,dur,dure,8,dur,-4.8793764,dure,-8.586576,1
431,S_NOUN_8_ADJ_c,M,S,le raisin que j' aime beaucoup n' est pas très clair . <eos>,10,clair,claire,8,clair,-4.482855,claire,-7.047348,1
432,S_NOUN_8_ADJ_c,M,S,le raisin que j' aime beaucoup n' est pas très intéressant . <eos>,10,intéressant,intéressante,8,intéressant,-5.8279233,intéressante,-10.278646,1
433,S_NOUN_8_ADJ_c,M,S,le raisin que j' aime beaucoup n' est pas très brillant . <eos>,10,brillant,brillante,8,brillant,-4.868198,brillante,-10.349388,1
434,S_NOUN_8_ADJ_c,M,S,le raisin que j' aime beaucoup n' est pas très compliqué . <eos>,10,compliqué,compliquée,8,compliqué,-7.199914,compliquée,-12.308401,1
435,S_NOUN_8_ADJ_c,M,S,le chargeur que j' aime beaucoup n' est pas très vert . <eos>,10,vert,verte,8,vert,-10.816233,verte,-14.19894,1
436,S_NOUN_8_ADJ_c,M,S,le chargeur que j' aime beaucoup n' est pas très bleu . <eos>,10,bleu,bleue,8,bleu,-10.949347,bleue,-15.555126,1
437,S_NOUN_8_ADJ_c,M,S,le chargeur que j' aime beaucoup n' est pas très noir . <eos>,10,noir,noire,8,noir,-7.872369,noire,-13.229375,1
438,S_NOUN_8_ADJ_c,M,S,le chargeur que j' aime beaucoup n' est pas très délicat . <eos>,10,délicat,délicate,8,délicat,-8.904029,délicate,-12.4205065,1
439,S_NOUN_8_ADJ_c,M,S,le chargeur que j' aime beaucoup n' est pas très pointu . <eos>,10,pointu,pointue,8,pointu,-6.9235325,pointue,-13.104809,1
440,S_NOUN_8_ADJ_c,M,S,le chargeur que j' aime beaucoup n' est pas très rond . <eos>,10,rond,ronde,8,rond,-7.643301,ronde,-13.711627,1
441,S_NOUN_8_ADJ_c,M,S,le chargeur que j' aime beaucoup n' est pas très froid . <eos>,10,froid,froide,8,froid,-8.196363,froide,-12.037945,1
442,S_NOUN_8_ADJ_c,M,S,le chargeur que j' aime beaucoup n' est pas très chaud . <eos>,10,chaud,chaude,8,chaud,-7.883232,chaude,-13.095512,1
443,S_NOUN_8_ADJ_c,M,S,le chargeur que j' aime beaucoup n' est pas très important . <eos>,10,important,importante,8,important,-4.6700916,importante,-9.566882,1
444,S_NOUN_8_ADJ_c,M,S,le chargeur que j' aime beaucoup n' est pas très court . <eos>,10,court,courte,8,court,-4.404506,courte,-7.4510007,1
445,S_NOUN_8_ADJ_c,M,S,le chargeur que j' aime beaucoup n' est pas très dur . <eos>,10,dur,dure,8,dur,-4.6130667,dure,-9.037856,1
446,S_NOUN_8_ADJ_c,M,S,le chargeur que j' aime beaucoup n' est pas très clair . <eos>,10,clair,claire,8,clair,-6.195011,claire,-8.7930565,1
447,S_NOUN_8_ADJ_c,M,S,le chargeur que j' aime beaucoup n' est pas très intéressant . <eos>,10,intéressant,intéressante,8,intéressant,-6.456029,intéressante,-9.060417,1
448,S_NOUN_8_ADJ_c,M,S,le chargeur que j' aime beaucoup n' est pas très brillant . <eos>,10,brillant,brillante,8,brillant,-6.860102,brillante,-11.426174,1
449,S_NOUN_8_ADJ_c,M,S,le chargeur que j' aime beaucoup n' est pas très compliqué . <eos>,10,compliqué,compliquée,8,compliqué,-6.111821,compliquée,-9.970148,1
450,S_NOUN_8_ADJ_c,M,S,le vase que j' aime beaucoup n' est pas très vert . <eos>,10,vert,verte,8,vert,-8.613198,verte,-12.536966,1
451,S_NOUN_8_ADJ_c,M,S,le vase que j' aime beaucoup n' est pas très bleu . <eos>,10,bleu,bleue,8,bleu,-8.9882555,bleue,-14.203352,1
452,S_NOUN_8_ADJ_c,M,S,le vase que j' aime beaucoup n' est pas très noir . <eos>,10,noir,noire,8,noir,-7.116604,noire,-13.094927,1
453,S_NOUN_8_ADJ_c,M,S,le vase que j' aime beaucoup n' est pas très délicat . <eos>,10,délicat,délicate,8,délicat,-8.606572,délicate,-13.067481,1
454,S_NOUN_8_ADJ_c,M,S,le vase que j' aime beaucoup n' est pas très pointu . <eos>,10,pointu,pointue,8,pointu,-7.825711,pointue,-13.930897,1
455,S_NOUN_8_ADJ_c,M,S,le vase que j' aime beaucoup n' est pas très rond . <eos>,10,rond,ronde,8,rond,-7.239273,ronde,-13.190639,1
456,S_NOUN_8_ADJ_c,M,S,le vase que j' aime beaucoup n' est pas très froid . <eos>,10,froid,froide,8,froid,-7.335892,froide,-11.526978,1
457,S_NOUN_8_ADJ_c,M,S,le vase que j' aime beaucoup n' est pas très chaud . <eos>,10,chaud,chaude,8,chaud,-6.6334276,chaude,-11.337927,1
458,S_NOUN_8_ADJ_c,M,S,le vase que j' aime beaucoup n' est pas très important . <eos>,10,important,importante,8,important,-4.7318997,importante,-9.559658,1
459,S_NOUN_8_ADJ_c,M,S,le vase que j' aime beaucoup n' est pas très court . <eos>,10,court,courte,8,court,-6.1694155,courte,-9.02212,1
460,S_NOUN_8_ADJ_c,M,S,le vase que j' aime beaucoup n' est pas très dur . <eos>,10,dur,dure,8,dur,-4.92935,dure,-8.381537,1
461,S_NOUN_8_ADJ_c,M,S,le vase que j' aime beaucoup n' est pas très clair . <eos>,10,clair,claire,8,clair,-4.836305,claire,-7.851668,1
462,S_NOUN_8_ADJ_c,M,S,le vase que j' aime beaucoup n' est pas très intéressant . <eos>,10,intéressant,intéressante,8,intéressant,-5.32071,intéressante,-9.245817,1
463,S_NOUN_8_ADJ_c,M,S,le vase que j' aime beaucoup n' est pas très brillant . <eos>,10,brillant,brillante,8,brillant,-5.0373187,brillante,-9.386141,1
464,S_NOUN_8_ADJ_c,M,S,le vase que j' aime beaucoup n' est pas très compliqué . <eos>,10,compliqué,compliquée,8,compliqué,-6.8339195,compliquée,-11.155317,1
465,S_NOUN_8_ADJ_c,M,S,le panier que j' aime beaucoup n' est pas très vert . <eos>,10,vert,verte,8,vert,-9.998906,verte,-13.317436,1
466,S_NOUN_8_ADJ_c,M,S,le panier que j' aime beaucoup n' est pas très bleu . <eos>,10,bleu,bleue,8,bleu,-9.596476,bleue,-14.683425,1
467,S_NOUN_8_ADJ_c,M,S,le panier que j' aime beaucoup n' est pas très noir . <eos>,10,noir,noire,8,noir,-7.6782207,noire,-13.048394,1
468,S_NOUN_8_ADJ_c,M,S,le panier que j' aime beaucoup n' est pas très délicat . <eos>,10,délicat,délicate,8,délicat,-8.482763,délicate,-13.255068,1
469,S_NOUN_8_ADJ_c,M,S,le panier que j' aime beaucoup n' est pas très pointu . <eos>,10,pointu,pointue,8,pointu,-6.5796175,pointue,-13.548128,1
470,S_NOUN_8_ADJ_c,M,S,le panier que j' aime beaucoup n' est pas très rond . <eos>,10,rond,ronde,8,rond,-6.847152,ronde,-13.6682,1
471,S_NOUN_8_ADJ_c,M,S,le panier que j' aime beaucoup n' est pas très froid . <eos>,10,froid,froide,8,froid,-7.845746,froide,-11.986188,1
472,S_NOUN_8_ADJ_c,M,S,le panier que j' aime beaucoup n' est pas très chaud . <eos>,10,chaud,chaude,8,chaud,-6.988697,chaude,-12.115291,1
473,S_NOUN_8_ADJ_c,M,S,le panier que j' aime beaucoup n' est pas très important . <eos>,10,important,importante,8,important,-4.629409,importante,-10.013572,1
474,S_NOUN_8_ADJ_c,M,S,le panier que j' aime beaucoup n' est pas très court . <eos>,10,court,courte,8,court,-5.363625,courte,-8.733355,1
475,S_NOUN_8_ADJ_c,M,S,le panier que j' aime beaucoup n' est pas très dur . <eos>,10,dur,dure,8,dur,-5.343116,dure,-8.752669,1
476,S_NOUN_8_ADJ_c,M,S,le panier que j' aime beaucoup n' est pas très clair . <eos>,10,clair,claire,8,clair,-5.9469137,claire,-8.677397,1
477,S_NOUN_8_ADJ_c,M,S,le panier que j' aime beaucoup n' est pas très intéressant . <eos>,10,intéressant,intéressante,8,intéressant,-5.506785,intéressante,-8.877583,1
478,S_NOUN_8_ADJ_c,M,S,le panier que j' aime beaucoup n' est pas très brillant . <eos>,10,brillant,brillante,8,brillant,-5.411586,brillante,-10.0297785,1
479,S_NOUN_8_ADJ_c,M,S,le panier que j' aime beaucoup n' est pas très compliqué . <eos>,10,compliqué,compliquée,8,compliqué,-5.6299124,compliquée,-10.269388,1
480,S_NOUN_8_ADJ_c,M,S,le collier que j' aime beaucoup n' est pas très vert . <eos>,10,vert,verte,8,vert,-9.484881,verte,-13.249132,1
481,S_NOUN_8_ADJ_c,M,S,le collier que j' aime beaucoup n' est pas très bleu . <eos>,10,bleu,bleue,8,bleu,-8.721402,bleue,-13.936955,1
482,S_NOUN_8_ADJ_c,M,S,le collier que j' aime beaucoup n' est pas très noir . <eos>,10,noir,noire,8,noir,-6.8808155,noire,-12.673625,1
483,S_NOUN_8_ADJ_c,M,S,le collier que j' aime beaucoup n' est pas très délicat . <eos>,10,délicat,délicate,8,délicat,-8.626373,délicate,-12.6486845,1
484,S_NOUN_8_ADJ_c,M,S,le collier que j' aime beaucoup n' est pas très pointu . <eos>,10,pointu,pointue,8,pointu,-6.7307463,pointue,-13.397306,1
485,S_NOUN_8_ADJ_c,M,S,le collier que j' aime beaucoup n' est pas très rond . <eos>,10,rond,ronde,8,rond,-6.8324246,ronde,-12.606726,1
486,S_NOUN_8_ADJ_c,M,S,le collier que j' aime beaucoup n' est pas très froid . <eos>,10,froid,froide,8,froid,-7.6465216,froide,-12.759105,1
487,S_NOUN_8_ADJ_c,M,S,le collier que j' aime beaucoup n' est pas très chaud . <eos>,10,chaud,chaude,8,chaud,-7.5277014,chaude,-12.64595,1
488,S_NOUN_8_ADJ_c,M,S,le collier que j' aime beaucoup n' est pas très important . <eos>,10,important,importante,8,important,-4.728779,importante,-9.997542,1
489,S_NOUN_8_ADJ_c,M,S,le collier que j' aime beaucoup n' est pas très court . <eos>,10,court,courte,8,court,-5.7003145,courte,-8.650811,1
490,S_NOUN_8_ADJ_c,M,S,le collier que j' aime beaucoup n' est pas très dur . <eos>,10,dur,dure,8,dur,-5.200733,dure,-8.947712,1
491,S_NOUN_8_ADJ_c,M,S,le collier que j' aime beaucoup n' est pas très clair . <eos>,10,clair,claire,8,clair,-3.8470943,claire,-7.1124535,1
492,S_NOUN_8_ADJ_c,M,S,le collier que j' aime beaucoup n' est pas très intéressant . <eos>,10,intéressant,intéressante,8,intéressant,-5.869279,intéressante,-9.888163,1
493,S_NOUN_8_ADJ_c,M,S,le collier que j' aime beaucoup n' est pas très brillant . <eos>,10,brillant,brillante,8,brillant,-5.2128606,brillante,-9.798075,1
494,S_NOUN_8_ADJ_c,M,S,le collier que j' aime beaucoup n' est pas très compliqué . <eos>,10,compliqué,compliquée,8,compliqué,-6.749008,compliquée,-11.343166,1
495,S_NOUN_8_ADJ_c,M,S,le chapeau que j' aime beaucoup n' est pas très vert . <eos>,10,vert,verte,8,vert,-8.574796,verte,-12.196447,1
496,S_NOUN_8_ADJ_c,M,S,le chapeau que j' aime beaucoup n' est pas très bleu . <eos>,10,bleu,bleue,8,bleu,-8.043827,bleue,-13.378853,1
497,S_NOUN_8_ADJ_c,M,S,le chapeau que j' aime beaucoup n' est pas très noir . <eos>,10,noir,noire,8,noir,-6.1006594,noire,-11.655879,1
498,S_NOUN_8_ADJ_c,M,S,le chapeau que j' aime beaucoup n' est pas très délicat . <eos>,10,délicat,délicate,8,délicat,-8.193185,délicate,-12.861471,1
499,S_NOUN_8_ADJ_c,M,S,le chapeau que j' aime beaucoup n' est pas très pointu . <eos>,10,pointu,pointue,8,pointu,-6.2716885,pointue,-12.531342,1
500,S_NOUN_8_ADJ_c,M,S,le chapeau que j' aime beaucoup n' est pas très rond . <eos>,10,rond,ronde,8,rond,-6.458356,ronde,-11.785568,1
501,S_NOUN_8_ADJ_c,M,S,le chapeau que j' aime beaucoup n' est pas très froid . <eos>,10,froid,froide,8,froid,-7.275367,froide,-11.96889,1
502,S_NOUN_8_ADJ_c,M,S,le chapeau que j' aime beaucoup n' est pas très chaud . <eos>,10,chaud,chaude,8,chaud,-7.0342216,chaude,-12.241863,1
503,S_NOUN_8_ADJ_c,M,S,le chapeau que j' aime beaucoup n' est pas très important . <eos>,10,important,importante,8,important,-5.364351,importante,-10.185032,1
504,S_NOUN_8_ADJ_c,M,S,le chapeau que j' aime beaucoup n' est pas très court . <eos>,10,court,courte,8,court,-5.083767,courte,-8.638572,1
505,S_NOUN_8_ADJ_c,M,S,le chapeau que j' aime beaucoup n' est pas très dur . <eos>,10,dur,dure,8,dur,-4.8219175,dure,-8.642012,1
506,S_NOUN_8_ADJ_c,M,S,le chapeau que j' aime beaucoup n' est pas très clair . <eos>,10,clair,claire,8,clair,-4.103281,claire,-6.668213,1
507,S_NOUN_8_ADJ_c,M,S,le chapeau que j' aime beaucoup n' est pas très intéressant . <eos>,10,intéressant,intéressante,8,intéressant,-6.595563,intéressante,-10.138713,1
508,S_NOUN_8_ADJ_c,M,S,le chapeau que j' aime beaucoup n' est pas très brillant . <eos>,10,brillant,brillante,8,brillant,-4.8686786,brillante,-9.401922,1
509,S_NOUN_8_ADJ_c,M,S,le chapeau que j' aime beaucoup n' est pas très compliqué . <eos>,10,compliqué,compliquée,8,compliqué,-6.8918757,compliquée,-11.408472,1
510,S_NOUN_8_ADJ_c,M,S,le pot que j' aime beaucoup n' est pas très vert . <eos>,10,vert,verte,8,vert,-8.903764,verte,-12.54732,1
511,S_NOUN_8_ADJ_c,M,S,le pot que j' aime beaucoup n' est pas très bleu . <eos>,10,bleu,bleue,8,bleu,-8.873409,bleue,-14.097861,1
512,S_NOUN_8_ADJ_c,M,S,le pot que j' aime beaucoup n' est pas très noir . <eos>,10,noir,noire,8,noir,-6.7302513,noire,-12.310252,1
513,S_NOUN_8_ADJ_c,M,S,le pot que j' aime beaucoup n' est pas très délicat . <eos>,10,délicat,délicate,8,délicat,-8.318215,délicate,-13.256202,1
514,S_NOUN_8_ADJ_c,M,S,le pot que j' aime beaucoup n' est pas très pointu . <eos>,10,pointu,pointue,8,pointu,-7.7721334,pointue,-13.797026,1
515,S_NOUN_8_ADJ_c,M,S,le pot que j' aime beaucoup n' est pas très rond . <eos>,10,rond,ronde,8,rond,-7.7354374,ronde,-13.685146,1
516,S_NOUN_8_ADJ_c,M,S,le pot que j' aime beaucoup n' est pas très froid . <eos>,10,froid,froide,8,froid,-5.9979973,froide,-10.529924,1
517,S_NOUN_8_ADJ_c,M,S,le pot que j' aime beaucoup n' est pas très chaud . <eos>,10,chaud,chaude,8,chaud,-5.3860807,chaude,-10.326871,1
518,S_NOUN_8_ADJ_c,M,S,le pot que j' aime beaucoup n' est pas très important . <eos>,10,important,importante,8,important,-4.9904785,importante,-9.987926,1
519,S_NOUN_8_ADJ_c,M,S,le pot que j' aime beaucoup n' est pas très court . <eos>,10,court,courte,8,court,-5.888794,courte,-9.630373,1
520,S_NOUN_8_ADJ_c,M,S,le pot que j' aime beaucoup n' est pas très dur . <eos>,10,dur,dure,8,dur,-4.948335,dure,-8.218716,1
521,S_NOUN_8_ADJ_c,M,S,le pot que j' aime beaucoup n' est pas très clair . <eos>,10,clair,claire,8,clair,-4.804454,claire,-7.58436,1
522,S_NOUN_8_ADJ_c,M,S,le pot que j' aime beaucoup n' est pas très intéressant . <eos>,10,intéressant,intéressante,8,intéressant,-5.8473125,intéressante,-9.767302,1
523,S_NOUN_8_ADJ_c,M,S,le pot que j' aime beaucoup n' est pas très brillant . <eos>,10,brillant,brillante,8,brillant,-4.9411917,brillante,-9.205584,1
524,S_NOUN_8_ADJ_c,M,S,le pot que j' aime beaucoup n' est pas très compliqué . <eos>,10,compliqué,compliquée,8,compliqué,-6.6605425,compliquée,-11.533581,1
525,S_NOUN_8_ADJ_c,M,S,le coussin que j' aime beaucoup n' est pas très vert . <eos>,10,vert,verte,8,vert,-9.119669,verte,-12.5434885,1
526,S_NOUN_8_ADJ_c,M,S,le coussin que j' aime beaucoup n' est pas très bleu . <eos>,10,bleu,bleue,8,bleu,-8.395646,bleue,-13.325856,1
527,S_NOUN_8_ADJ_c,M,S,le coussin que j' aime beaucoup n' est pas très noir . <eos>,10,noir,noire,8,noir,-6.127076,noire,-12.025199,1
528,S_NOUN_8_ADJ_c,M,S,le coussin que j' aime beaucoup n' est pas très délicat . <eos>,10,délicat,délicate,8,délicat,-7.995955,délicate,-12.379339,1
529,S_NOUN_8_ADJ_c,M,S,le coussin que j' aime beaucoup n' est pas très pointu . <eos>,10,pointu,pointue,8,pointu,-5.99063,pointue,-12.859168,1
530,S_NOUN_8_ADJ_c,M,S,le coussin que j' aime beaucoup n' est pas très rond . <eos>,10,rond,ronde,8,rond,-6.711581,ronde,-12.56924,1
531,S_NOUN_8_ADJ_c,M,S,le coussin que j' aime beaucoup n' est pas très froid . <eos>,10,froid,froide,8,froid,-6.954275,froide,-10.225485,1
532,S_NOUN_8_ADJ_c,M,S,le coussin que j' aime beaucoup n' est pas très chaud . <eos>,10,chaud,chaude,8,chaud,-6.126828,chaude,-11.280234,1
533,S_NOUN_8_ADJ_c,M,S,le coussin que j' aime beaucoup n' est pas très important . <eos>,10,important,importante,8,important,-4.6787376,importante,-9.607834,1
534,S_NOUN_8_ADJ_c,M,S,le coussin que j' aime beaucoup n' est pas très court . <eos>,10,court,courte,8,court,-5.0075674,courte,-8.5291,1
535,S_NOUN_8_ADJ_c,M,S,le coussin que j' aime beaucoup n' est pas très dur . <eos>,10,dur,dure,8,dur,-4.437251,dure,-8.735023,1
536,S_NOUN_8_ADJ_c,M,S,le coussin que j' aime beaucoup n' est pas très clair . <eos>,10,clair,claire,8,clair,-4.432249,claire,-6.3088923,1
537,S_NOUN_8_ADJ_c,M,S,le coussin que j' aime beaucoup n' est pas très intéressant . <eos>,10,intéressant,intéressante,8,intéressant,-6.197234,intéressante,-9.739282,1
538,S_NOUN_8_ADJ_c,M,S,le coussin que j' aime beaucoup n' est pas très brillant . <eos>,10,brillant,brillante,8,brillant,-5.2293615,brillante,-9.893546,1
539,S_NOUN_8_ADJ_c,M,S,le coussin que j' aime beaucoup n' est pas très compliqué . <eos>,10,compliqué,compliquée,8,compliqué,-6.5233126,compliquée,-10.982284,1
540,S_NOUN_8_ADJ_c,M,S,le jouet que j' aime beaucoup n' est pas très vert . <eos>,10,vert,verte,8,vert,-9.891056,verte,-13.025564,1
541,S_NOUN_8_ADJ_c,M,S,le jouet que j' aime beaucoup n' est pas très bleu . <eos>,10,bleu,bleue,8,bleu,-9.653634,bleue,-14.448579,1
542,S_NOUN_8_ADJ_c,M,S,le jouet que j' aime beaucoup n' est pas très noir . <eos>,10,noir,noire,8,noir,-7.4912148,noire,-12.672351,1
543,S_NOUN_8_ADJ_c,M,S,le jouet que j' aime beaucoup n' est pas très délicat . <eos>,10,délicat,délicate,8,délicat,-9.093092,délicate,-13.281778,1
544,S_NOUN_8_ADJ_c,M,S,le jouet que j' aime beaucoup n' est pas très pointu . <eos>,10,pointu,pointue,8,pointu,-7.2997646,pointue,-13.613375,1
545,S_NOUN_8_ADJ_c,M,S,le jouet que j' aime beaucoup n' est pas très rond . <eos>,10,rond,ronde,8,rond,-7.5334454,ronde,-13.6644,1
546,S_NOUN_8_ADJ_c,M,S,le jouet que j' aime beaucoup n' est pas très froid . <eos>,10,froid,froide,8,froid,-7.1049113,froide,-11.542976,1
547,S_NOUN_8_ADJ_c,M,S,le jouet que j' aime beaucoup n' est pas très chaud . <eos>,10,chaud,chaude,8,chaud,-6.6603975,chaude,-11.967226,1
548,S_NOUN_8_ADJ_c,M,S,le jouet que j' aime beaucoup n' est pas très important . <eos>,10,important,importante,8,important,-4.745943,importante,-9.784713,1
549,S_NOUN_8_ADJ_c,M,S,le jouet que j' aime beaucoup n' est pas très court . <eos>,10,court,courte,8,court,-6.0071383,courte,-9.139076,1
550,S_NOUN_8_ADJ_c,M,S,le jouet que j' aime beaucoup n' est pas très dur . <eos>,10,dur,dure,8,dur,-5.430452,dure,-8.797192,1
551,S_NOUN_8_ADJ_c,M,S,le jouet que j' aime beaucoup n' est pas très clair . <eos>,10,clair,claire,8,clair,-5.2321258,claire,-7.772321,1
552,S_NOUN_8_ADJ_c,M,S,le jouet que j' aime beaucoup n' est pas très intéressant . <eos>,10,intéressant,intéressante,8,intéressant,-6.305292,intéressante,-9.825855,1
553,S_NOUN_8_ADJ_c,M,S,le jouet que j' aime beaucoup n' est pas très brillant . <eos>,10,brillant,brillante,8,brillant,-5.5367527,brillante,-10.444835,1
554,S_NOUN_8_ADJ_c,M,S,le jouet que j' aime beaucoup n' est pas très compliqué . <eos>,10,compliqué,compliquée,8,compliqué,-6.9978104,compliquée,-11.149477,1
555,S_NOUN_8_ADJ_c,M,S,le clou que j' aime beaucoup n' est pas très vert . <eos>,10,vert,verte,8,vert,-8.863715,verte,-11.666537,1
556,S_NOUN_8_ADJ_c,M,S,le clou que j' aime beaucoup n' est pas très bleu . <eos>,10,bleu,bleue,8,bleu,-8.732855,bleue,-13.066542,1
557,S_NOUN_8_ADJ_c,M,S,le clou que j' aime beaucoup n' est pas très noir . <eos>,10,noir,noire,8,noir,-6.7024107,noire,-11.65713,1
558,S_NOUN_8_ADJ_c,M,S,le clou que j' aime beaucoup n' est pas très délicat . <eos>,10,délicat,délicate,8,délicat,-8.367847,délicate,-11.540075,1
559,S_NOUN_8_ADJ_c,M,S,le clou que j' aime beaucoup n' est pas très pointu . <eos>,10,pointu,pointue,8,pointu,-7.81456,pointue,-12.96358,1
560,S_NOUN_8_ADJ_c,M,S,le clou que j' aime beaucoup n' est pas très rond . <eos>,10,rond,ronde,8,rond,-7.642255,ronde,-12.484749,1
561,S_NOUN_8_ADJ_c,M,S,le clou que j' aime beaucoup n' est pas très froid . <eos>,10,froid,froide,8,froid,-7.1764336,froide,-10.73455,1
562,S_NOUN_8_ADJ_c,M,S,le clou que j' aime beaucoup n' est pas très chaud . <eos>,10,chaud,chaude,8,chaud,-6.7963414,chaude,-10.837213,1
563,S_NOUN_8_ADJ_c,M,S,le clou que j' aime beaucoup n' est pas très important . <eos>,10,important,importante,8,important,-4.696392,importante,-8.464469,1
564,S_NOUN_8_ADJ_c,M,S,le clou que j' aime beaucoup n' est pas très court . <eos>,10,court,courte,8,court,-5.7726536,courte,-8.309668,1
565,S_NOUN_8_ADJ_c,M,S,le clou que j' aime beaucoup n' est pas très dur . <eos>,10,dur,dure,8,dur,-5.342206,dure,-8.80249,1
566,S_NOUN_8_ADJ_c,M,S,le clou que j' aime beaucoup n' est pas très clair . <eos>,10,clair,claire,8,clair,-4.2147574,claire,-6.5326915,1
567,S_NOUN_8_ADJ_c,M,S,le clou que j' aime beaucoup n' est pas très intéressant . <eos>,10,intéressant,intéressante,8,intéressant,-5.6368055,intéressante,-7.7755938,1
568,S_NOUN_8_ADJ_c,M,S,le clou que j' aime beaucoup n' est pas très brillant . <eos>,10,brillant,brillante,8,brillant,-5.1299562,brillante,-8.442558,1
569,S_NOUN_8_ADJ_c,M,S,le clou que j' aime beaucoup n' est pas très compliqué . <eos>,10,compliqué,compliquée,8,compliqué,-6.5017715,compliquée,-10.03507,1
570,S_NOUN_8_ADJ_c,M,S,le billet que j' aime beaucoup n' est pas très vert . <eos>,10,vert,verte,8,vert,-8.903255,verte,-12.851595,1
571,S_NOUN_8_ADJ_c,M,S,le billet que j' aime beaucoup n' est pas très bleu . <eos>,10,bleu,bleue,8,bleu,-8.51913,bleue,-13.373092,1
572,S_NOUN_8_ADJ_c,M,S,le billet que j' aime beaucoup n' est pas très noir . <eos>,10,noir,noire,8,noir,-6.692486,noire,-12.405365,1
573,S_NOUN_8_ADJ_c,M,S,le billet que j' aime beaucoup n' est pas très délicat . <eos>,10,délicat,délicate,8,délicat,-9.225435,délicate,-13.114319,1
574,S_NOUN_8_ADJ_c,M,S,le billet que j' aime beaucoup n' est pas très pointu . <eos>,10,pointu,pointue,8,pointu,-7.944179,pointue,-14.338715,1
575,S_NOUN_8_ADJ_c,M,S,le billet que j' aime beaucoup n' est pas très rond . <eos>,10,rond,ronde,8,rond,-7.298225,ronde,-13.710602,1
576,S_NOUN_8_ADJ_c,M,S,le billet que j' aime beaucoup n' est pas très froid . <eos>,10,froid,froide,8,froid,-6.9899135,froide,-12.485191,1
577,S_NOUN_8_ADJ_c,M,S,le billet que j' aime beaucoup n' est pas très chaud . <eos>,10,chaud,chaude,8,chaud,-6.8735046,chaude,-12.271381,1
578,S_NOUN_8_ADJ_c,M,S,le billet que j' aime beaucoup n' est pas très important . <eos>,10,important,importante,8,important,-4.69645,importante,-9.876316,1
579,S_NOUN_8_ADJ_c,M,S,le billet que j' aime beaucoup n' est pas très court . <eos>,10,court,courte,8,court,-4.776234,courte,-8.67905,1
580,S_NOUN_8_ADJ_c,M,S,le billet que j' aime beaucoup n' est pas très dur . <eos>,10,dur,dure,8,dur,-5.1896777,dure,-8.717926,1
581,S_NOUN_8_ADJ_c,M,S,le billet que j' aime beaucoup n' est pas très clair . <eos>,10,clair,claire,8,clair,-4.386026,claire,-8.085489,1
582,S_NOUN_8_ADJ_c,M,S,le billet que j' aime beaucoup n' est pas très intéressant . <eos>,10,intéressant,intéressante,8,intéressant,-5.469551,intéressante,-9.426975,1
583,S_NOUN_8_ADJ_c,M,S,le billet que j' aime beaucoup n' est pas très brillant . <eos>,10,brillant,brillante,8,brillant,-5.279617,brillante,-9.534142,1
584,S_NOUN_8_ADJ_c,M,S,le billet que j' aime beaucoup n' est pas très compliqué . <eos>,10,compliqué,compliquée,8,compliqué,-5.875066,compliquée,-10.759396,1
585,S_NOUN_8_ADJ_c,M,S,le légume que j' aime beaucoup n' est pas très vert . <eos>,10,vert,verte,8,vert,-8.236399,verte,-12.3645935,1
586,S_NOUN_8_ADJ_c,M,S,le légume que j' aime beaucoup n' est pas très bleu . <eos>,10,bleu,bleue,8,bleu,-8.845656,bleue,-13.890824,1
587,S_NOUN_8_ADJ_c,M,S,le légume que j' aime beaucoup n' est pas très noir . <eos>,10,noir,noire,8,noir,-6.693518,noire,-12.687605,1
588,S_NOUN_8_ADJ_c,M,S,le légume que j' aime beaucoup n' est pas très délicat . <eos>,10,délicat,délicate,8,délicat,-8.040721,délicate,-12.947465,1
589,S_NOUN_8_ADJ_c,M,S,le légume que j' aime beaucoup n' est pas très pointu . <eos>,10,pointu,pointue,8,pointu,-7.0228667,pointue,-12.879066,1
590,S_NOUN_8_ADJ_c,M,S,le légume que j' aime beaucoup n' est pas très rond . <eos>,10,rond,ronde,8,rond,-7.518563,ronde,-12.550005,1
591,S_NOUN_8_ADJ_c,M,S,le légume que j' aime beaucoup n' est pas très froid . <eos>,10,froid,froide,8,froid,-6.7399454,froide,-11.318125,1
592,S_NOUN_8_ADJ_c,M,S,le légume que j' aime beaucoup n' est pas très chaud . <eos>,10,chaud,chaude,8,chaud,-5.899439,chaude,-11.052582,1
593,S_NOUN_8_ADJ_c,M,S,le légume que j' aime beaucoup n' est pas très important . <eos>,10,important,importante,8,important,-5.5016465,importante,-10.294554,1
594,S_NOUN_8_ADJ_c,M,S,le légume que j' aime beaucoup n' est pas très court . <eos>,10,court,courte,8,court,-5.4128203,courte,-9.071444,1
595,S_NOUN_8_ADJ_c,M,S,le légume que j' aime beaucoup n' est pas très dur . <eos>,10,dur,dure,8,dur,-4.7457213,dure,-7.7138247,1
596,S_NOUN_8_ADJ_c,M,S,le légume que j' aime beaucoup n' est pas très clair . <eos>,10,clair,claire,8,clair,-4.518196,claire,-7.51917,1
597,S_NOUN_8_ADJ_c,M,S,le légume que j' aime beaucoup n' est pas très intéressant . <eos>,10,intéressant,intéressante,8,intéressant,-6.940624,intéressante,-10.270132,1
598,S_NOUN_8_ADJ_c,M,S,le légume que j' aime beaucoup n' est pas très brillant . <eos>,10,brillant,brillante,8,brillant,-5.87936,brillante,-10.183653,1
599,S_NOUN_8_ADJ_c,M,S,le légume que j' aime beaucoup n' est pas très compliqué . <eos>,10,compliqué,compliquée,8,compliqué,-7.267769,compliquée,-11.898274,1
